time_seconds,score_C,score_Cs,score_D,score_Ds,score_E,score_F,score_Fs,score_G,score_Gs,score_A,score_As,score_B,audio_C,audio_Cs,audio_D,audio_Ds,audio_E,audio_F,audio_Fs,audio_G,audio_Gs,audio_A,audio_As,audio_B,expected_chroma_coverage,unexpected_chroma_strength,frame_match_score
0.0,0.0,0.0,1.0,0.0,0.0,0.0,0.0,1.0,0.0,0.0,0.0,1.0,0.0,0.0,1.0,0.0,0.0,0.0,0.0,0.3880702257156372,0.0,0.0,0.0,0.013519734144210815,0.6666666666666666,0.0,58.687866131464645
0.023219954648526078,0.0,0.0,1.0,0.0,0.0,0.0,0.0,1.0,0.0,0.0,0.0,1.0,0.0,0.0,1.0,0.0,0.0,0.0,0.0,0.3898569345474243,0.0,0.0,0.0,0.013625764288008213,0.6666666666666666,0.0,58.713102651139096
0.046439909297052155,0.0,0.0,1.0,0.0,0.0,0.0,0.0,1.0,0.0,0.0,0.0,1.0,0.0,0.0,1.0,0.0,0.0,0.0,0.0,0.3900682330131531,0.0,0.0,0.0,0.013639622367918491,0.6666666666666666,0.0,58.71610473841429
0.06965986394557823,0.0,0.0,1.0,0.0,0.0,0.0,0.0,1.0,0.0,0.0,0.0,1.0,0.0,0.0,1.0,0.0,0.0,0.0,0.0,0.39015305042266846,0.0,0.0,0.0,0.013624526560306549,0.6666666666666666,0.0,58.717034359772995
0.09287981859410431,0.0,0.0,1.0,0.0,0.0,0.0,0.0,1.0,0.0,0.0,0.0,1.0,0.0,0.0,1.0,0.0,0.0,0.0,0.0,0.3907908499240875,0.0,0.0,0.0,0.013655942864716053,0.6666666666666666,0.0,58.72595723718405
0.11609977324263039,0.0,0.0,1.0,0.0,0.0,0.0,0.0,1.0,0.0,0.0,0.0,1.0,0.0,0.0,1.0,0.0,0.0,0.0,0.0,0.39287662506103516,0.0,0.0,0.0,0.01375409122556448,0.6666666666666666,0.0,58.75507621715467
0.13931972789115646,0.0,0.0,1.0,0.0,0.0,0.0,0.0,1.0,0.0,0.0,0.0,1.0,0.0,0.0,1.0,0.0,0.0,0.0,0.0,0.3954698443412781,0.0,0.0,0.0,0.0138447480276227,0.6666666666666666,0.0,58.79086123158534
0.16253968253968254,0.0,0.0,1.0,0.0,0.0,0.0,0.0,1.0,0.0,0.0,0.0,1.0,0.0,0.0,1.0,0.0,0.0,0.0,0.0,0.39693012833595276,0.0,0.0,0.0,0.01384007465094328,0.6666666666666666,0.0,58.81026937315862
0.18575963718820862,0.0,0.0,1.0,0.0,0.0,0.0,0.0,1.0,0.0,0.0,0.0,1.0,0.0,0.0,1.0,0.0,0.0,0.0,0.0,0.3980911076068878,0.0,0.0,0.0,0.013786622323095798,0.6666666666666666,0.0,58.82503639906645
0.2089795918367347,0.0,0.0,1.0,0.0,0.0,0.0,0.0,1.0,0.0,0.0,0.0,1.0,0.0,0.0,1.0,0.0,0.0,0.0,0.0,0.40008997917175293,0.0,0.0,0.0,0.01378128957003355,0.6666666666666666,0.0,58.85161691655715
0.23219954648526078,0.0,0.0,1.0,0.0,0.0,0.0,0.0,1.0,0.0,0.0,0.0,1.0,0.0,0.0,1.0,0.0,0.0,0.0,0.0,0.4023444354534149,0.0,0.0,0.0,0.013863752596080303,0.6666666666666666,0.0,58.88277584065993
0.25541950113378686,0.0,0.0,1.0,0.0,0.0,0.0,0.0,1.0,0.0,0.0,0.0,1.0,0.0,0.0,1.0,0.0,0.0,0.0,0.0,0.40425434708595276,0.0,0.0,0.0,0.014021451584994793,0.6666666666666666,0.0,58.9103439822793
0.2786394557823129,0.0,0.0,1.0,0.0,0.0,0.0,0.0,1.0,0.0,0.0,0.0,1.0,0.0,0.0,1.0,0.0,0.0,0.0,0.0,0.4065988063812256,0.0,0.0,0.0,0.014169672504067421,0.6666666666666666,0.0,58.94357971847057
0.301859410430839,0.0,0.0,1.0,0.0,0.0,0.0,0.0,1.0,0.0,0.0,0.0,1.0,0.0,0.0,1.0,0.0,0.0,0.0,0.0,0.40878236293792725,0.0,0.0,0.0,0.014253232628107071,0.6666666666666666,0.0,58.97380794088046
0.3250793650793651,0.0,0.0,1.0,0.0,0.0,0.0,0.0,1.0,0.0,0.0,0.0,1.0,0.0,0.0,1.0,0.0,0.0,0.0,0.0,0.41587069630622864,0.0,0.0,0.0,0.014304347336292267,0.6666666666666666,0.0,59.06900058190028
0.34829931972789113,0.0,0.0,1.0,0.0,0.0,0.0,0.0,1.0,0.0,0.0,0.0,1.0,0.0,0.0,0.04299631714820862,0.0,0.0,0.0,2.2688520573410642e-7,1.0,0.0,0.0,0.0,0.014594484120607376,0.3333333333333333,2.2688520573410642e-7,34.1012061458801
0.37151927437641724,0.0,0.0,1.0,0.0,0.0,0.0,0.0,1.0,0.0,0.0,0.0,1.0,0.0,0.0,0.013633551076054573,0.0,0.0,0.0,0.0,1.0,0.0,0.0,0.0,0.005582242272794247,0.3333333333333333,0.0,33.58954391131799
0.3947392290249433,0.0,0.0,1.0,0.0,0.0,0.0,0.0,1.0,0.0,0.0,0.0,1.0,0.0,0.0,0.006537638604640961,0.0,0.0,0.0,0.0,1.0,0.0,0.0,0.0,0.0038123491685837507,0.3333333333333333,0.0,33.47133317030966
0.4179591836734694,0.0,0.0,1.0,0.0,0.0,0.0,0.0,1.0,0.0,0.0,0.0,1.0,0.0,0.0,0.004324595909565687,0.0,0.0,0.0,0.0,1.0,0.0,0.0,0.0,0.003760857740417123,0.3333333333333333,0.0,33.441139381999776
0.44117913832199546,0.0,0.0,1.0,0.0,0.0,0.0,0.0,1.0,0.0,0.0,0.0,1.0,0.0,0.0,0.002741902368143201,0.0,0.0,0.0,0.0,1.0,0.0,0.0,0.0,0.003727109869942069,0.3333333333333333,0.0,33.41958682984114
0.46439909297052157,0.0,0.0,1.0,0.0,0.0,0.0,0.0,1.0,0.0,0.0,0.0,1.0,0.0,0.0,0.00249405181966722,0.0,0.0,0.0,0.0,1.0,0.0,0.0,0.0,0.003710278309881687,0.3333333333333333,0.0,33.41605773506065
0.4876190476190476,0.0,0.0,1.0,0.0,0.0,0.0,0.0,1.0,0.0,0.0,0.0,1.0,0.0,0.0,0.0024667619727551937,0.0,0.0,0.0,0.0,1.0,0.0,0.0,0.0,0.0037101588677614927,0.3333333333333333,0.0,33.41569227787356
0.5108390022675737,0.0,0.0,1.0,0.0,0.0,0.0,0.0,1.0,0.0,0.0,0.0,1.0,0.0,0.0,0.0024544689804315567,0.0,0.0,0.0,0.0,1.0,0.0,0.0,0.0,0.003725710092112422,0.3333333333333333,0.0,33.41573572096725
0.5340589569160997,0.0,0.0,1.0,0.0,0.0,0.0,0.0,1.0,0.0,0.0,0.0,1.0,0.0,0.0,0.0024084686301648617,0.0,0.0,0.0,0.0,1.0,0.0,0.0005758061306551099,0.0,0.0038375125732272863,0.3333333333333333,0.0005758061306551099,33.40509696009879
0.5572789115646258,0.0,0.0,1.0,0.0,0.0,0.0,0.0,1.0,0.0,0.0,0.0,1.0,0.0,0.0,0.002665238920599222,0.0,0.0,0.0,0.0,1.0,0.0,0.09584181010723114,0.0,0.004544597119092941,0.3333333333333333,0.09584181010723114,31.51262827838461
0.5804988662131519,0.0,0.0,1.0,0.0,0.0,0.0,0.0,1.0,0.0,0.0,0.0,1.0,0.0,0.0,0.002952511887997389,0.0,0.0,0.0,0.0,1.0,0.0,0.8017416000366211,0.0,0.006680204067379236,0.3333333333333333,0.8017416000366211,17.42693754533927
0.603718820861678,0.0,0.0,1.0,0.0,0.0,0.0,0.0,1.0,0.0,1.0,0.0,1.0,0.0,0.0,0.002700761891901493,0.0,0.0,0.0,0.0,0.4076748788356781,0.0,1.0,0.0,0.005735766142606735,0.5,0.0,44.16111406870186
0.626938775510204,0.0,0.0,1.0,0.0,0.0,0.0,0.0,1.0,0.0,1.0,0.0,1.0,0.0,0.0,0.06088632345199585,0.0,0.0,0.0,0.0,0.2351987212896347,0.0,1.0,0.0,0.12952977418899536,0.25,0.0,29.25614818930626
0.6501587301587302,0.0,0.0,1.0,0.0,0.0,0.0,0.0,1.0,0.0,1.0,0.0,1.0,0.0,0.0,0.060528531670570374,0.0,0.0,0.0,0.0,0.17197994887828827,0.0,1.0,0.0,0.128789022564888,0.25,0.0,28.612975031137466
0.6733786848072563,0.0,0.0,1.0,0.0,0.0,0.0,0.0,1.0,0.0,1.0,0.0,1.0,0.0,0.0,0.06054332107305527,0.0,0.0,0.0,0.0,0.10864430665969849,0.0,1.0,0.0,0.1290747970342636,0.25,0.0,27.982624247670174
0.6965986394557823,0.0,0.0,1.0,0.0,0.0,0.0,0.0,1.0,0.0,1.0,0.0,1.0,0.0,0.0,0.06021707132458687,0.0,0.0,0.0,0.0,0.10788439959287643,0.0,1.0,0.0,0.12777912616729736,0.25,0.0,27.958805970847607
0.7198185941043084,0.0,0.0,1.0,0.0,0.0,0.0,0.0,1.0,0.0,1.0,0.0,1.0,0.0,0.0,0.056942831724882126,0.0,0.0,0.0,0.0,0.10834181308746338,0.0,1.0,0.0,0.14073722064495087,0.25,0.0,28.060218654572964
0.7430385487528345,0.0,0.0,1.0,0.0,0.0,0.0,0.0,1.0,0.0,1.0,0.0,1.0,0.0,0.0,0.04587680473923683,0.0,0.0,0.0,0.0,0.23192085325717926,0.0,1.0,0.1609359234571457,0.030489610508084297,0.25,0.1609359234571457,24.86415421590209
0.7662585034013606,0.0,0.0,1.0,0.0,0.0,0.0,0.0,1.0,0.0,1.0,0.0,1.0,0.0,0.0,0.005080353002995253,0.0,0.0,0.0,0.0,0.0,0.0,1.0,0.0,0.24247390031814575,0.25,0.0,27.47554253321141
0.7894784580498866,0.0,0.0,0.0,0.0,0.0,0.0,0.0,0.0,0.0,1.0,0.0,1.0,0.0,0.0,0.0020959549583494663,0.0,0.0,0.0,0.0,0.005923944059759378,0.0,1.0,0.0,0.29085782170295715,1.0,0.005923944059759378,85.69867755286396
0.8126984126984127,0.0,0.0,0.0,0.0,0.0,0.0,0.0,0.0,0.0,1.0,0.0,1.0,0.0,0.0,0.0,0.0,0.0,0.0,0.0,0.0,0.0,1.0,0.0,0.4457496106624603,1.0,0.0,88.9149922132492
0.8359183673469388,0.0,0.0,0.0,0.0,0.0,0.0,0.0,0.0,0.0,1.0,0.0,1.0,0.0,0.0,0.0,0.0,0.0,0.0,0.0,0.0,0.0,1.0,0.0,0.5752043128013611,1.0,0.0,91.50408625602722
0.8591383219954648,0.0,0.0,0.0,0.0,0.0,0.0,0.0,0.0,0.0,1.0,0.0,1.0,0.0,0.0,0.0,0.0,0.0,0.0,0.0,0.0,0.0,1.0,0.0,0.6256187558174133,1.0,0.0,92.51237511634827
0.8823582766439909,0.0,0.0,0.0,0.0,0.0,0.0,0.0,0.0,0.0,1.0,0.0,1.0,0.0,0.0,0.0,0.0,0.0,0.0,0.0,0.0,0.0,1.0,0.0,0.6290000677108765,1.0,0.0,92.58000135421753
0.905578231292517,0.0,0.0,0.0,0.0,0.0,0.0,0.0,0.0,0.0,1.0,0.0,1.0,0.0,0.0,0.0,0.0,0.0,0.0,0.0,0.0,0.0,1.0,0.0,0.6274239420890808,1.0,0.0,92.54847884178162
0.9287981859410431,0.0,0.0,0.0,0.0,0.0,0.0,0.0,0.0,0.0,1.0,0.0,1.0,0.0,0.0,0.0,0.0,0.0,0.0,0.0,0.0,0.0,1.0,0.0,0.6802675724029541,1.0,0.0,93.60535144805908
0.9520181405895691,0.0,0.0,0.0,0.0,0.0,0.0,0.0,0.0,0.0,1.0,0.0,1.0,0.13823392987251282,0.0,0.0,0.0,0.0,0.0,0.0,0.0,0.0,1.0,0.0,0.4970163404941559,1.0,0.13823392987251282,87.17564821243286
0.9752380952380952,0.0,0.0,0.0,0.0,0.0,0.0,0.0,0.0,0.0,1.0,0.0,1.0,0.8015109896659851,0.0,0.0,0.0,0.0,0.0,0.0,0.0,0.0,1.0,0.0,0.22932332754135132,0.5,0.8015109896659851,38.556246757507324
0.9984580498866213,1.0,0.0,0.0,0.0,0.0,0.0,0.0,0.0,0.0,1.0,0.0,0.0,1.0,0.0,0.0,0.0,0.0,0.0,0.0,0.0,0.0,0.9364960789680481,0.0,0.07430907338857651,1.0,0.07430907338857651,97.24374011158943
1.0216780045351475,1.0,0.0,0.0,0.0,0.0,0.0,0.0,0.0,0.0,1.0,0.0,0.0,1.0,0.0,0.0,0.0,0.0,0.0,0.0,0.0,0.0,0.9153749942779541,0.0,0.0,1.0,0.0,98.30749988555908
1.0448979591836736,1.0,0.0,0.0,0.0,0.0,0.0,0.0,0.0,0.0,1.0,0.0,0.0,1.0,0.0,0.0,0.0,0.0,0.0,0.0,0.0,0.0,0.9233075380325317,0.0,0.0,1.0,0.0,98.46615076065063
1.0681179138321995,1.0,0.0,0.0,0.0,0.0,0.0,0.0,0.0,0.0,1.0,0.0,0.0,1.0,0.0,0.0,0.0,0.0,0.0,0.0,0.0,0.0,0.9295546412467957,0.0,0.0,1.0,0.0,98.59109282493591
1.0913378684807256,1.0,0.0,0.0,0.0,0.0,0.0,0.0,0.0,0.0,1.0,0.0,0.0,1.0,0.0,0.0,0.0,0.0,0.0,0.0,0.0,0.0,0.9302188158035278,0.0,0.0,1.0,0.0,98.60437631607056
1.1145578231292517,1.0,0.0,0.0,0.0,0.0,0.0,0.0,0.0,0.0,1.0,0.0,0.0,1.0,0.0,0.0,0.0,0.0,0.0,0.0,0.0,0.0,0.9238165020942688,0.0,0.0,1.0,0.0,98.47633004188538
1.1377777777777778,1.0,0.0,0.0,0.0,0.0,0.0,0.0,0.0,0.0,1.0,0.0,0.0,1.0,0.0,0.014548641629517078,0.0,0.0,0.0,0.0,0.0,0.0,0.9766594171524048,0.0,0.0,1.0,0.014548641629517078,99.24221551045775
1.1609977324263039,1.0,0.0,0.0,0.0,0.0,0.0,0.0,0.0,0.0,1.0,0.0,0.0,0.3401329815387726,0.0,0.29709112644195557,0.0,0.0,0.0,0.0,0.0,0.0,0.18445327877998352,0.0,1.0,0.5,1.0,20.491725206375122
1.18421768707483,0.0,0.0,1.0,0.0,0.0,0.0,0.0,0.0,0.0,0.0,0.0,1.0,0.05362168326973915,0.0,0.35879194736480713,0.0,0.0,0.0,0.0,0.0,0.0,0.0,0.0,1.0,1.0,0.05362168326973915,86.10340528190136
1.207437641723356,0.0,0.0,1.0,0.0,0.0,0.0,0.0,0.0,0.0,0.0,0.0,1.0,0.005674468819051981,0.0,0.3465708792209625,0.0,0.0,0.0,0.0,0.0,0.0,0.00017114260117523372,0.0,1.0,1.0,0.005674468819051981,86.81792820803821
1.230657596371882,0.0,0.0,1.0,0.0,0.0,0.0,0.0,0.0,0.0,0.0,0.0,1.0,0.0,0.0,0.35226327180862427,0.0,0.0,0.0,0.0,0.0,0.0,0.0,0.0,1.0,1.0,0.0,87.04526543617249
1.253877551020408,0.0,0.0,1.0,0.0,0.0,0.0,0.0,0.0,0.0,0.0,0.0,1.0,0.0,0.0,0.34866639971733093,0.0,0.0,0.0,0.0,0.0,0.0,0.0,0.0,1.0,1.0,0.0,86.97332799434662
1.2770975056689342,0.0,0.0,1.0,0.0,0.0,0.0,0.0,0.0,0.0,0.0,0.0,1.0,0.0,0.0,0.3506537079811096,0.0,0.0,0.0,0.0,0.0,0.0,0.0,0.0,1.0,1.0,0.0,87.01307415962219
1.3003174603174603,0.0,0.0,1.0,0.0,0.0,0.0,0.0,0.0,0.0,0.0,0.0,1.0,0.0,0.0,0.3502979874610901,0.0,0.0,0.0,0.0,0.0,0.0,0.0,0.0,1.0,1.0,0.0,87.0059597492218
1.3235374149659864,0.0,0.0,1.0,0.0,0.0,0.0,0.0,0.0,0.0,0.0,0.0,1.0,0.0,0.0,0.35023581981658936,0.0,0.0,0.0,0.0,0.0,0.0,0.0,0.0,1.0,1.0,0.0,87.00471639633179
1.3467573696145125,0.0,0.0,1.0,0.0,0.0,0.0,0.0,0.0,0.0,0.0,0.0,1.0,0.0,0.0,0.35050565004348755,0.0,0.0,0.0,0.0,0.0,0.0,0.0,0.0,1.0,1.0,0.0,87.01011300086975
1.3699773242630386,0.0,0.0,1.0,0.0,0.0,0.0,0.0,0.0,0.0,0.0,0.0,1.0,0.0,0.0,0.35084035992622375,0.0,0.0,0.0,0.0,0.0,0.0,0.0,0.0,1.0,1.0,0.0,87.01680719852448
1.3931972789115645,0.0,0.0,1.0,0.0,0.0,0.0,0.0,0.0,0.0,0.0,0.0,1.0,0.0,0.0,0.3508772850036621,0.0,0.0,0.0,0.0,0.0,0.0,0.0,0.0,1.0,1.0,0.0,87.01754570007324
1.4164172335600906,0.0,0.0,1.0,0.0,0.0,0.0,0.0,0.0,0.0,0.0,0.0,1.0,0.0,0.0,0.3505912721157074,0.0,0.0,0.0,0.0,0.0,0.0,0.0,0.0,1.0,1.0,0.0,87.01182544231415
1.4396371882086167,0.0,0.0,1.0,0.0,0.0,0.0,0.0,0.0,0.0,0.0,0.0,1.0,0.0,0.0,0.3502788841724396,0.0,0.0,0.0,0.0,0.0,0.0,0.0,0.0,1.0,1.0,0.0,87.00557768344879
1.4628571428571429,0.0,0.0,1.0,0.0,0.0,0.0,0.0,0.0,0.0,0.0,0.0,1.0,0.0,0.0,0.3502659499645233,0.0,0.0,0.0,0.0,0.0,0.0,0.0,0.0,1.0,1.0,0.0,87.00531899929047
1.486077097505669,0.0,0.0,1.0,0.0,0.0,0.0,0.0,0.0,0.0,0.0,0.0,1.0,0.0,0.0,0.35057589411735535,0.0,0.0,0.0,0.0,0.0,0.0,0.0,0.0,1.0,1.0,0.0,87.0115178823471
1.509297052154195,0.0,0.0,1.0,0.0,0.0,0.0,0.0,0.0,0.0,0.0,0.0,1.0,0.0,0.0,0.3508737087249756,0.0,0.0,0.0,0.0,0.0,0.0,0.0,0.0,1.0,1.0,0.0,87.01747417449951
1.5325170068027212,0.0,0.0,1.0,0.0,0.0,0.0,0.0,0.0,0.0,0.0,0.0,1.0,0.0,0.0,0.33560889959335327,0.0,0.0,0.0,0.0,0.0005980798159725964,0.0,0.0,0.0,1.0,1.0,0.0005980798159725964,86.70021639554761
1.555736961451247,0.0,0.0,1.0,0.0,0.0,0.0,0.0,0.0,0.0,0.0,0.0,1.0,0.0,0.0,0.2443409562110901,0.0,0.0,0.0,0.0,0.28851497173309326,0.0,0.0,0.0,1.0,0.5,0.28851497173309326,49.11651968955994
1.5789569160997732,0.0,0.0,1.0,0.0,0.0,0.0,0.0,0.0,0.0,0.0,0.0,1.0,0.0,0.0,0.0021171572152525187,0.0,0.0,0.0,0.0,1.0,0.0,0.0,0.0,0.019426986575126648,0.0,1.0,0.0
1.6021768707482993,0.0,0.0,0.0,0.0,0.0,0.0,0.0,1.0,0.0,0.0,0.0,1.0,0.0,0.0,0.00021544669289141893,0.0,0.0,0.0,0.0,1.0,0.0,0.0,0.0,0.012761209160089493,0.5,0.00021544669289141893,50.25091524934396
1.6253968253968254,0.0,0.0,0.0,0.0,0.0,0.0,0.0,1.0,0.0,0.0,0.0,1.0,0.0,0.0,0.0,0.0,0.0,0.0,0.0,1.0,0.0,0.0,0.0,0.012715545482933521,0.5,0.0,50.25431090965867
1.6486167800453515,0.0,0.0,0.0,0.0,0.0,0.0,0.0,1.0,0.0,0.0,0.0,1.0,0.0,0.0,0.0,0.0,0.0,0.0,0.0,1.0,0.0,0.0,0.0,0.012751035392284393,0.5,0.0,50.25502070784569
1.6718367346938776,0.0,0.0,0.0,0.0,0.0,0.0,0.0,1.0,0.0,0.0,0.0,1.0,0.0,0.0,0.0,0.0,0.0,0.0,0.0,1.0,0.0,0.0,0.0,0.012735160067677498,0.5,0.0,50.25470320135355
1.6950566893424037,0.0,0.0,0.0,0.0,0.0,0.0,0.0,1.0,0.0,0.0,0.0,1.0,0.0,0.0,0.0,0.0,0.0,0.0,0.0,1.0,0.0,0.0,0.0,0.012724539265036583,0.5,0.0,50.25449078530073
1.7182766439909296,0.0,0.0,0.0,0.0,0.0,0.0,0.0,1.0,0.0,0.0,0.0,1.0,0.0,0.0,0.0,0.0,0.0,0.0,0.0,1.0,0.0,0.0,0.0,0.012753257527947426,0.5,0.0,50.25506515055895
1.7414965986394557,0.0,0.0,0.0,0.0,0.0,0.0,0.0,1.0,0.0,0.0,0.0,1.0,0.0,0.0,0.0,0.0,0.0,0.0,0.0,1.0,0.0,0.0,0.0,0.013273440301418304,0.5,0.0,50.265468806028366
1.7647165532879818,0.0,0.0,0.0,0.0,0.0,0.0,0.0,1.0,0.0,0.0,0.0,1.0,0.0,0.0,0.0,0.0,0.0,0.0,0.0,1.0,0.0,0.0,0.0,0.018377315253019333,0.5,0.0,50.36754630506039
1.787936507936508,0.0,0.0,0.0,0.0,0.0,0.0,0.0,0.0,0.0,0.0,0.0,1.0,0.0,0.0,0.0,0.0,0.0,0.0,0.0,1.0,0.0,0.0,0.0,0.043504033237695694,0.0,1.0,0.0
1.811156462585034,0.0,0.0,0.0,0.0,0.0,0.0,0.0,0.0,0.0,0.0,0.0,1.0,0.0,0.0,0.0,0.0,0.0,0.0,0.0,0.2116178423166275,0.0,0.0,0.0,1.0,1.0,0.2116178423166275,95.76764315366745
1.8343764172335602,0.0,0.0,0.0,0.0,0.0,0.0,0.0,0.0,0.0,0.0,0.0,1.0,0.0,0.0,0.0,0.0,0.0,0.0,0.0,0.007692018989473581,0.0,0.0,0.0,1.0,1.0,0.007692018989473581,99.84615962021053
1.8575963718820863,0.0,0.0,0.0,0.0,0.0,0.0,0.0,0.0,0.0,0.0,0.0,1.0,0.0,0.0,0.0,0.0,0.0,0.0,0.0,0.0,0.0,0.0,0.0,1.0,1.0,0.0,100.0
1.8808163265306121,0.0,0.0,0.0,0.0,0.0,0.0,0.0,0.0,0.0,0.0,0.0,1.0,0.0,0.0,0.0,0.0,0.0,0.0,0.0,0.0,0.0,0.0,0.0,1.0,1.0,0.0,100.0
1.9040362811791383,0.0,0.0,0.0,0.0,0.0,0.0,0.0,0.0,0.0,0.0,0.0,1.0,0.0,0.0,0.0,0.0,0.0,0.0,0.0,0.0,0.0,0.0,0.0,1.0,1.0,0.0,100.0
1.9272562358276644,0.0,0.0,0.0,0.0,0.0,0.0,0.0,0.0,0.0,0.0,0.0,1.0,0.0,0.0,0.0,0.0,0.0,0.0,0.000010120344995812047,0.005370260216295719,0.0,0.0,0.0,1.0,1.0,0.005370260216295719,99.89259479567409
1.9504761904761905,0.0,0.0,0.0,0.0,0.0,0.0,0.0,0.0,0.0,0.0,0.0,1.0,0.0,0.0,0.0,0.0,0.0,0.0,0.0,1.0,0.0,0.0,0.0,0.025123707950115204,0.0,1.0,0.0
1.9736961451247166,0.0,0.0,0.0,0.0,0.0,0.0,0.0,0.0,0.0,0.0,0.0,1.0,0.0,0.0,0.0,0.0,0.0,0.0,0.0,1.0,0.0,0.0,0.0,0.0024170256219804287,0.0,1.0,0.0
1.9969160997732427,0.0,0.0,0.0,0.0,0.0,0.0,0.0,1.0,0.0,0.0,0.0,1.0,0.0,0.0,0.0,0.0,0.0,0.0,0.0,1.0,0.0,0.0,0.0,0.0016355498228222132,0.5,0.0,50.032710996456444
2.020136054421769,0.0,0.0,0.0,0.0,0.0,0.0,0.0,1.0,0.0,0.0,0.0,1.0,0.0,0.0,0.0,0.0,0.0,0.0,0.0,1.0,0.0,0.0,0.0,0.0016294789966195822,0.5,0.0,50.03258957993239
2.043356009070295,0.0,0.0,0.0,0.0,0.0,0.0,0.0,1.0,0.0,0.0,0.0,1.0,0.0,0.0,0.0,0.0,0.0,0.0,0.0,1.0,0.0,0.0,0.0,0.0016305499011650681,0.5,0.0,50.0326109980233
2.066575963718821,0.0,0.0,0.0,0.0,0.0,0.0,0.0,1.0,0.0,0.0,0.0,1.0,0.0,0.0,0.0,0.0,0.0,0.0,0.0,1.0,0.0,0.0,0.0,0.0016270187916234136,0.5,0.0,50.03254037583247
2.089795918367347,0.0,0.0,0.0,0.0,0.0,0.0,0.0,1.0,0.0,0.0,0.0,1.0,0.0,0.0,0.0,0.0,0.0,0.0,0.0,1.0,0.0,0.0,0.0,0.001630844664759934,0.5,0.0,50.0326168932952
2.1130158730158732,0.0,0.0,0.0,0.0,0.0,0.0,0.0,1.0,0.0,0.0,0.0,1.0,0.0,0.0,0.0,0.0,0.0,0.0,0.0,1.0,0.0,0.0,0.0,0.0016294372035190463,0.5,0.0,50.03258874407038
2.136235827664399,0.0,0.0,0.0,0.0,0.0,0.0,0.0,1.0,0.0,0.0,0.0,1.0,0.0,0.0,0.0,0.0,0.0,0.0,0.0,1.0,0.0,0.0,0.0,0.0016276375390589237,0.5,0.0,50.03255275078118
2.159455782312925,0.0,0.0,0.0,0.0,0.0,0.0,0.0,1.0,0.0,0.0,0.0,1.0,0.0,0.0,0.0,0.0,0.0,0.0,0.0,1.0,0.0,0.0,0.0,0.0016314407112076879,0.5,0.0,50.032628814224154
2.182675736961451,0.0,0.0,0.0,0.0,0.0,0.0,0.0,1.0,0.0,0.0,0.0,1.0,0.0,0.0,0.0,0.0,0.0,0.0,0.0,1.0,0.0,0.0,0.0,0.0016280048293992877,0.5,0.0,50.032560096587986
2.2058956916099772,0.0,0.0,0.0,0.0,0.0,0.0,0.0,1.0,0.0,0.0,0.0,1.0,0.0,0.0,0.0,0.0,0.0,0.0,0.0,1.0,0.0,0.0,0.0,0.0016288079787045717,0.5,0.0,50.03257615957409
2.2291156462585033,0.0,0.0,0.0,0.0,0.0,0.0,0.0,1.0,0.0,0.0,0.0,1.0,0.0,0.0,0.0,0.0,0.0,0.0,0.0,1.0,0.0,0.0,0.0,0.0016311523504555225,0.5,0.0,50.03262304700911
2.2523356009070294,0.0,0.0,0.0,0.0,0.0,0.0,0.0,1.0,0.0,0.0,0.0,1.0,0.0,0.0,0.0,0.0,0.0,0.0,0.0,1.0,0.0,0.0,0.0,0.0016272482462227345,0.5,0.0,50.032544964924455
2.2755555555555556,0.0,0.0,0.0,0.0,0.0,0.0,0.0,1.0,0.0,0.0,0.0,1.0,0.0,0.0,0.0,0.0,0.0,0.0,0.0,1.0,0.0,0.0,0.0,0.0016303344164043665,0.5,0.0,50.03260668832809
2.2987755102040817,0.0,0.0,0.0,0.0,0.0,0.0,0.0,1.0,0.0,0.0,0.0,1.0,0.0,0.0,0.0,0.0,0.0,0.0,0.0,1.0,0.0,0.0,0.0,0.0016302430303767323,0.5,0.0,50.032604860607535
2.3219954648526078,0.0,0.0,0.0,0.0,0.0,0.0,0.0,1.0,0.0,0.0,0.0,1.0,0.0,0.0,0.0,0.0,0.0,0.0,0.0,1.0,0.0,0.0,0.0,0.0018020926509052515,0.5,0.0,50.036041853018105
2.345215419501134,0.0,0.0,0.0,0.0,0.0,0.0,0.0,1.0,0.0,0.0,0.0,1.0,0.4113740921020508,0.0,0.0,0.0,0.005689846817404032,0.0,0.0,1.0,0.0,0.0,0.0,0.019728489220142365,0.5,0.4113740921020508,42.16708794236183
2.36843537414966,0.0,0.0,0.0,0.0,0.0,0.0,0.0,1.0,0.0,0.0,0.0,1.0,1.0,0.0,0.0,0.0,0.014027805998921394,0.0,0.0,0.005874266382306814,0.0,0.0,0.0,0.0,0.0,1.0,0.0
2.391655328798186,1.0,0.0,0.0,0.0,1.0,0.0,0.0,0.0,0.0,0.0,0.0,0.0,1.0,0.0,0.0,0.0,0.01894843578338623,0.0,0.0,0.0015175354201346636,0.0,0.0,0.0,0.0,0.5,0.0015175354201346636,50.34861800726503
2.414875283446712,1.0,0.0,0.0,0.0,1.0,0.0,0.0,0.0,0.0,0.0,0.0,0.0,1.0,0.0,0.0,0.0,0.020427456125617027,0.0,0.0,0.0003036200942005962,0.0,0.0,0.0,0.0,0.5,0.0003036200942005962,50.40247672062833
2.4380952380952383,1.0,0.0,0.0,0.0,1.0,0.0,0.0,0.0,0.0,0.0,0.0,0.0,1.0,0.0,0.0,0.0,0.019568918272852898,0.0,0.0,0.0,0.0,0.0,0.0,0.0,0.5,0.0,50.39137836545706
2.461315192743764,1.0,0.0,0.0,0.0,1.0,0.0,0.0,0.0,0.0,0.0,0.0,0.0,1.0,0.0,0.0,0.0,0.01952582225203514,0.0,0.0,0.0,0.0,0.0,0.0,0.0,0.5,0.0,50.3905164450407
2.48453514739229,1.0,0.0,0.0,0.0,1.0,0.0,0.0,0.0,0.0,0.0,0.0,0.0,1.0,0.0,0.0,0.0,0.019530074670910835,0.0,0.0,0.0,0.0,0.0,0.0,0.0,0.5,0.0,50.39060149341822
2.507755102040816,1.0,0.0,0.0,0.0,1.0,0.0,0.0,0.0,0.0,0.0,0.0,0.0,1.0,0.0,0.0,0.0,0.019531821832060814,0.0,0.0,0.0,0.0,0.0,0.0,0.0,0.5,0.0,50.390636436641216
2.5309750566893423,1.0,0.0,0.0,0.0,1.0,0.0,0.0,0.0,0.0,0.0,0.0,0.0,1.0,0.0,0.0,0.0,0.019534023478627205,0.0,0.0,0.0,0.0,0.0,0.0,0.0,0.5,0.0,50.390680469572544
2.5541950113378684,1.0,0.0,0.0,0.0,1.0,0.0,0.0,0.0,0.0,0.0,0.0,0.0,1.0,0.0,0.0,0.0,0.019534893333911896,0.0,0.0,0.0,0.0,0.0,0.0,0.0,0.5,0.0,50.39069786667824
2.5774149659863945,1.0,0.0,0.0,0.0,1.0,0.0,0.0,0.0,0.0,0.0,0.0,0.0,1.0,0.0,0.0,0.0,0.019533244892954826,0.0,0.0,0.0,0.0,0.0,0.0,0.0,0.5,0.0,50.3906648978591
2.6006349206349206,1.0,0.0,0.0,0.0,1.0,0.0,0.0,0.0,0.0,0.0,0.0,0.0,1.0,0.0,0.0,0.0,0.0195304062217474,0.0,0.0,0.0,0.0,0.0,0.0,0.0,0.5,0.0,50.39060812443495
2.6238548752834467,1.0,0.0,0.0,0.0,1.0,0.0,0.0,0.0,0.0,0.0,0.0,0.0,1.0,0.0,0.0,0.0,0.019528785720467567,0.0,0.0,0.0,0.0,0.0,0.0,0.0,0.5,0.0,50.39057571440935
2.647074829931973,1.0,0.0,0.0,0.0,1.0,0.0,0.0,0.0,0.0,0.0,0.0,0.0,1.0,0.0,0.0,0.0,0.01952970027923584,0.0,0.0,0.0,0.0,0.0,0.0,0.0,0.5,0.0,50.39059400558472
2.670294784580499,1.0,0.0,0.0,0.0,1.0,0.0,0.0,0.0,0.0,0.0,0.0,0.0,1.0,0.0,0.0,0.0,0.019532496109604836,0.0,0.0,0.0,0.0,0.0,0.0,0.0,0.5,0.0,50.3906499221921
2.693514739229025,1.0,0.0,0.0,0.0,1.0,0.0,0.0,0.0,0.0,0.0,0.0,0.0,1.0,0.0,0.0,0.0,0.019534356892108917,0.0,0.0,0.0,0.0,0.0,0.0,0.0,0.5,0.0,50.39068713784218
2.716734693877551,1.0,0.0,0.0,0.0,1.0,0.0,0.0,0.0,0.0,0.0,0.0,0.0,1.0,0.0,0.0,0.0,0.0194032471626997,0.0,0.0,0.0,0.0,0.0,0.0,0.0,0.5,0.0,50.388064943253994
2.7399546485260773,1.0,0.0,0.0,0.0,1.0,0.0,0.0,0.0,0.0,0.0,0.0,0.0,1.0,0.0,0.0,0.0,0.01178691629320383,0.0,0.0,0.0,0.0,0.0,0.0,0.005583265330642462,0.5,0.005583265330642462,50.12407301925123
2.7631746031746034,1.0,0.0,0.0,0.0,1.0,0.0,0.0,0.0,0.0,0.0,0.0,0.0,1.0,0.0,0.0,0.0,0.0023165778256952763,0.0,0.0,0.0,0.0,0.0,0.0,0.0,0.5,0.0,50.046331556513906
2.786394557823129,1.0,0.0,0.0,0.0,0.0,0.0,0.0,0.0,0.0,0.0,0.0,0.0,1.0,0.0,0.0,0.0,0.0003201588406227529,0.0,0.0,0.0,0.0,0.0,0.0,0.0,1.0,0.0003201588406227529,99.99359682318754
2.809614512471655,1.0,0.0,0.0,0.0,0.0,0.0,0.0,0.0,0.0,0.0,0.0,0.0,1.0,0.0,0.0,0.0,0.00004997835276299156,0.0,0.0,0.0,0.0,0.0,0.0,0.0,1.0,0.00004997835276299156,99.99900043294474
2.8328344671201813,1.0,0.0,0.0,0.0,0.0,0.0,0.0,0.0,0.0,0.0,0.0,0.0,1.0,0.0,0.0,0.0,0.0,0.0,0.0,0.0,0.0,0.0,0.0,0.0,1.0,0.0,100.0
2.8560544217687074,1.0,0.0,0.0,0.0,0.0,0.0,0.0,0.0,0.0,0.0,0.0,0.0,1.0,0.0,0.0,0.0,0.0,0.0,0.0,0.0,0.0,0.0,0.0,0.0,1.0,0.0,100.0
2.8792743764172335,1.0,0.0,0.0,0.0,0.0,0.0,0.0,0.0,0.0,0.0,0.0,0.0,1.0,0.0,0.0,0.0,0.0,0.0,0.0,0.0,0.0,0.0,0.0,0.0,1.0,0.0,100.0
2.9024943310657596,1.0,0.0,0.0,0.0,0.0,0.0,0.0,0.0,0.0,0.0,0.0,0.0,1.0,0.0,0.0,0.0,0.0,0.0,0.0,0.0,0.0,0.0,0.0,0.0,1.0,0.0,100.0
2.9257142857142857,1.0,0.0,0.0,0.0,0.0,0.0,0.0,0.0,0.0,0.0,0.0,0.0,1.0,0.0,0.0,0.0,0.0,0.0,0.0,0.0,0.0,0.0,0.0,0.0,1.0,0.0,100.0
2.948934240362812,1.0,0.0,0.0,0.0,0.0,0.0,0.0,0.0,0.0,0.0,0.0,0.0,1.0,0.0,0.05476412922143936,0.0,0.0,0.0,0.0,0.0,0.0,0.0,0.0,0.0,1.0,0.05476412922143936,98.90471741557121
2.972154195011338,1.0,0.0,0.0,0.0,0.0,0.0,0.0,0.0,0.0,0.0,0.0,0.0,1.0,0.0,0.5654704570770264,0.0,0.0,0.0,0.0,0.0,0.0,0.0,0.0,0.0,1.0,0.5654704570770264,88.69059085845947
2.995374149659864,1.0,0.0,1.0,0.0,0.0,0.0,0.0,0.0,0.0,0.0,0.0,0.0,0.6463909149169922,0.0,1.0,0.0,0.0,0.0,0.0,0.0,0.0,0.0,0.0,0.0,1.0,0.0,92.92781829833984
3.01859410430839,1.0,0.0,1.0,0.0,0.0,0.0,0.0,0.0,0.0,0.0,0.0,0.0,0.3134194016456604,0.0,1.0,0.0,0.0,0.0,0.0,0.0,0.0,0.0,0.0,0.0,1.0,0.0,86.26838803291321
3.0418140589569163,1.0,0.0,1.0,0.0,0.0,0.0,0.0,0.0,0.0,0.0,0.0,0.0,0.20801347494125366,0.0,1.0,0.0,0.0,0.0,0.0,0.0,0.0,0.0,0.0,0.0,0.5,0.0,54.16026949882507
3.0650340136054424,1.0,0.0,1.0,0.0,0.0,0.0,0.0,0.0,0.0,0.0,0.0,0.0,0.18727809190750122,0.0,1.0,0.0,0.0,0.0,0.0,0.0,0.0,0.0,0.0,0.0,0.5,0.0,53.745561838150024
3.0882539682539685,1.0,0.0,1.0,0.0,0.0,0.0,0.0,0.0,0.0,0.0,0.0,0.0,0.19002394378185272,0.0,1.0,0.0,0.0,0.0,0.0,0.0,0.0,0.0,0.0,0.0,0.5,0.0,53.800478875637054
3.111473922902494,1.0,0.0,1.0,0.0,0.0,0.0,0.0,0.0,0.0,0.0,0.0,0.0,0.18843792378902435,0.0,1.0,0.0,0.0,0.0,0.0,0.0,0.0,0.0,0.0,0.0,0.5,0.0,53.76875847578049
3.1346938775510202,1.0,0.0,1.0,0.0,0.0,0.0,0.0,0.0,0.0,0.0,0.0,0.0,0.19447685778141022,0.0,1.0,0.0,0.006964992266148329,0.0,0.0,0.0,0.0,0.0,0.0,0.0,0.5,0.006964992266148329,53.75023731030524
3.1579138321995464,1.0,0.0,1.0,0.0,0.0,0.0,0.0,0.0,0.0,0.0,0.0,0.0,0.2651612460613251,0.0,1.0,0.0,0.7194202542304993,0.0,0.0,0.0,0.0,0.0,0.0,0.0,1.0,0.7194202542304993,70.91481983661652
3.1811337868480725,1.0,0.0,1.0,0.0,0.0,0.0,0.0,0.0,0.0,0.0,0.0,0.0,0.06346846371889114,0.0,0.14505255222320557,0.0,1.0,0.0,0.0,0.0,0.0,0.0,0.0,0.0,0.0,1.0,0.0
3.2043537414965986,1.0,0.0,0.0,0.0,1.0,0.0,0.0,0.0,0.0,0.0,0.0,0.0,0.05368734523653984,0.0,0.017115669324994087,0.0,1.0,0.0,0.0,0.0,0.0,0.0,0.0,0.0,0.5,0.017115669324994087,50.731433518230915
3.2275736961451247,1.0,0.0,0.0,0.0,1.0,0.0,0.0,0.0,0.0,0.0,0.0,0.0,0.05372412130236626,0.0,0.0,0.0,1.0,0.0,0.0,0.0,0.0,0.0,0.0,0.0,0.5,0.0,51.074482426047325
3.250793650793651,1.0,0.0,0.0,0.0,1.0,0.0,0.0,0.0,0.0,0.0,0.0,0.0,0.05364800989627838,0.0,0.0,0.0,1.0,0.0,0.0,0.0,0.0,0.0,0.0,0.0,0.5,0.0,51.07296019792557
3.274013605442177,1.0,0.0,0.0,0.0,1.0,0.0,0.0,0.0,0.0,0.0,0.0,0.0,0.05370485782623291,0.0,0.0,0.0,1.0,0.0,0.0,0.0,0.0,0.0,0.0,0.0,0.5,0.0,51.07409715652466
3.297233560090703,1.0,0.0,0.0,0.0,1.0,0.0,0.0,0.0,0.0,0.0,0.0,0.0,0.053700387477874756,0.0,0.0,0.0,1.0,0.0,0.0,0.0,0.0,0.0,0.0,0.0,0.5,0.0,51.074007749557495
3.320453514739229,1.0,0.0,0.0,0.0,1.0,0.0,0.0,0.0,0.0,0.0,0.0,0.0,0.05402805656194687,0.0,0.0,0.0,1.0,0.0,0.0,0.0,0.0,0.0,0.0,0.0,0.5,0.0,51.08056113123894
3.3436734693877552,1.0,0.0,0.0,0.0,1.0,0.0,0.0,0.0,0.0,0.0,0.0,0.0,0.06036989018321037,0.0,0.0,0.0,1.0,0.0,0.07093244791030884,0.0,0.0,0.0,0.0,0.0,0.5,0.07093244791030884,49.78874884545803
3.3668934240362813,1.0,0.0,0.0,0.0,1.0,0.0,0.0,0.0,0.0,0.0,0.0,0.0,0.05992736294865608,0.0,0.0,0.0,0.5985225439071655,0.0,1.0,0.0,0.0,0.0,0.0,0.0,0.5,1.0,23.168998137116432
3.3901133786848074,1.0,0.0,0.0,0.0,0.0,0.0,1.0,0.0,0.0,0.0,0.0,0.0,0.029054656624794006,0.0,0.0,0.0,0.09588086605072021,0.0,1.0,0.0,0.0,0.0,0.0,0.0,0.5,0.09588086605072021,48.663475811481476
3.4133333333333336,1.0,0.0,0.0,0.0,0.0,0.0,1.0,0.0,0.0,0.0,0.0,0.0,0.028123272582888603,0.0,0.0,0.0,0.00843076128512621,0.0,1.0,0.0,0.0,0.0,0.0,0.0,0.5,0.00843076128512621,50.39385022595525
3.436553287981859,1.0,0.0,0.0,0.0,0.0,0.0,1.0,0.0,0.0,0.0,0.0,0.0,0.028106287121772766,0.0,0.0,0.0,0.0,0.0,1.0,0.0,0.0,0.0,0.0,0.0,0.5,0.0,50.562125742435455
3.4597732426303853,1.0,0.0,0.0,0.0,0.0,0.0,1.0,0.0,0.0,0.0,0.0,0.0,0.02813902497291565,0.0,0.0,0.0,0.0,0.0,1.0,0.0,0.0,0.0,0.0,0.0,0.5,0.0,50.56278049945831
3.4829931972789114,1.0,0.0,0.0,0.0,0.0,0.0,1.0,0.0,0.0,0.0,0.0,0.0,0.028156572952866554,0.0,0.0,0.0,0.0,0.0,1.0,0.0,0.0,0.0,0.0,0.0,0.5,0.0,50.56313145905733
3.5062131519274375,1.0,0.0,0.0,0.0,0.0,0.0,1.0,0.0,0.0,0.0,0.0,0.0,0.029523763805627823,0.0,0.0,0.0,0.0,0.0,1.0,0.0,0.0,0.0,0.0,0.0,0.5,0.0,50.59047527611256
3.5294331065759637,1.0,0.0,0.0,0.0,0.0,0.0,1.0,0.0,0.0,0.0,0.0,0.0,0.0,0.00024410100013483316,0.0,0.0,0.0,0.0,1.0,0.0,0.0,0.0,0.0,0.1083226278424263,0.5,0.1083226278424263,47.833547443151474
3.5526530612244898,1.0,0.0,0.0,0.0,0.0,0.0,1.0,0.0,0.0,0.0,0.0,0.0,0.0,0.0,0.0,0.0,0.0,0.0,0.017071932554244995,0.08614416420459747,0.0,0.0,0.0,1.0,0.0,1.0,0.0
3.575873015873016,1.0,0.0,0.0,0.0,0.0,0.0,1.0,0.0,0.0,0.0,0.0,1.0,0.0,0.0,0.0,0.0,0.0,0.0,0.002506515709683299,0.2261740118265152,0.0,0.0,0.0,1.0,0.3333333333333333,0.2261740118265152,28.843273306265473
3.599092970521542,0.0,0.0,0.0,0.0,0.0,0.0,0.0,1.0,0.0,0.0,0.0,1.0,0.0,0.0,0.0,0.0,0.0,0.0,0.00020550296176224947,0.2975810170173645,0.0,0.0,0.0,1.0,1.0,0.00020550296176224947,85.94751028111205
3.622312925170068,0.0,0.0,0.0,0.0,0.0,0.0,0.0,1.0,0.0,0.0,0.0,1.0,0.0,0.0,0.0,0.0,0.0,0.0,0.0,0.3064737915992737,0.0,0.0,0.0,1.0,1.0,0.0,86.12947583198547
3.645532879818594,0.0,0.0,0.0,0.0,0.0,0.0,0.0,1.0,0.0,0.0,0.0,1.0,0.0,0.0,0.0,0.0,0.0,0.0,0.0,0.31113573908805847,0.0,0.0,0.0,1.0,1.0,0.0,86.22271478176117
3.6687528344671203,0.0,0.0,0.0,0.0,0.0,0.0,0.0,1.0,0.0,0.0,0.0,1.0,0.0,0.0,0.0,0.0,0.0,0.0,0.0,0.3111713230609894,0.0,0.0,0.0,1.0,1.0,0.0,86.22342646121979
3.6919727891156464,0.0,0.0,0.0,0.0,0.0,0.0,0.0,1.0,0.0,0.0,0.0,1.0,0.0,0.0,0.0,0.0,0.0,0.0,0.0,0.3111870288848877,0.0,0.0,0.0,1.0,1.0,0.0,86.22374057769775
3.7151927437641725,0.0,0.0,0.0,0.0,0.0,0.0,0.0,1.0,0.0,0.0,0.0,1.0,0.0,0.0,0.0,0.0,0.0,0.0,0.0,0.31119677424430847,0.0,0.0,0.0,1.0,1.0,0.0,86.22393548488617
3.7384126984126986,0.0,0.0,0.0,0.0,0.0,0.0,0.0,1.0,0.0,0.0,0.0,1.0,0.0,0.0,0.0,0.0,0.0,0.0,0.0,0.3112007975578308,0.0,0.0,0.0,1.0,1.0,0.0,86.22401595115662
3.7616326530612243,0.0,0.0,0.0,0.0,0.0,0.0,0.0,1.0,0.0,0.0,0.0,1.0,0.0,0.0,0.0,0.0,0.0,0.0,0.0,0.31119346618652344,0.0,0.0,0.0,1.0,1.0,0.0,86.22386932373047
3.7848526077097504,0.0,0.0,0.0,0.0,0.0,0.0,0.0,1.0,0.0,0.0,0.0,1.0,0.0,0.0,0.0,0.0,0.0,0.0,0.0,0.311186283826828,0.0,0.0,0.0,1.0,1.0,0.0,86.22372567653656
3.8080725623582765,0.0,0.0,0.0,0.0,0.0,0.0,0.0,1.0,0.0,0.0,0.0,1.0,0.0,0.0,0.0,0.0,0.0,0.0,0.0,0.3112019896507263,0.0,0.0,0.0,1.0,1.0,0.0,86.22403979301453
3.8312925170068026,0.0,0.0,0.0,0.0,0.0,0.0,0.0,1.0,0.0,0.0,0.0,1.0,0.0,0.0,0.0,0.0,0.0,0.0,0.0,0.3112070560455322,0.0,0.0,0.0,1.0,1.0,0.0,86.22414112091064
3.8545124716553287,0.0,0.0,0.0,0.0,0.0,0.0,0.0,1.0,0.0,0.0,0.0,1.0,0.0,0.0,0.0,0.0,0.0,0.0,0.0,0.31119731068611145,0.0,0.0,0.0,1.0,1.0,0.0,86.22394621372223
3.877732426303855,0.0,0.0,0.0,0.0,0.0,0.0,0.0,1.0,0.0,0.0,0.0,1.0,0.0,0.0,0.0,0.0,0.0,0.0,0.0,0.31119051575660706,0.0,0.0,0.0,1.0,1.0,0.0,86.22381031513214
3.900952380952381,0.0,0.0,0.0,0.0,0.0,0.0,0.0,1.0,0.0,0.0,0.0,1.0,0.0,0.0,0.0,0.0,0.0,0.0,0.0,0.3112005591392517,0.0,0.0,0.0,1.0,1.0,0.0,86.22401118278503
3.924172335600907,0.0,0.0,0.0,0.0,0.0,0.0,0.0,1.0,0.0,0.0,0.0,1.0,0.0,0.0,0.0,0.0,0.0,0.0,0.0,0.3090226352214813,0.0,0.0,0.0,1.0,1.0,0.0,86.18045270442963
3.947392290249433,0.0,0.0,0.0,0.0,0.0,0.0,0.0,1.0,0.0,0.0,0.0,1.0,0.0,0.0,0.0,0.0,0.0,0.0,0.00001142631663242355,0.9069374799728394,0.0,0.0,0.0,1.0,1.0,0.00001142631663242355,98.13852107312414
3.9706122448979593,0.0,0.0,0.0,0.0,0.0,0.0,0.0,1.0,0.0,0.0,0.0,1.0,0.0,0.0,0.0,0.0,0.0,0.0,0.0,1.0,0.0,0.0,0.0,0.01694316975772381,0.5,0.0,50.338863395154476
3.9938321995464854,0.0,0.0,0.0,0.0,0.0,0.0,0.0,1.0,0.0,0.0,0.0,1.0,0.0,0.0,0.0,0.0,0.0,0.0,0.0,1.0,0.0,0.0,0.0,0.014499178156256676,0.5,0.0,50.28998356312513
4.017052154195011,0.0,0.0,0.0,0.0,0.0,0.0,0.0,1.0,0.0,0.0,0.0,1.0,0.0,0.0,0.0,0.0,0.0,0.0,0.0,1.0,0.0,0.0,0.0,0.014075287617743015,0.5,0.0,50.28150575235486
4.040272108843538,0.0,0.0,0.0,0.0,0.0,0.0,0.0,1.0,0.0,0.0,0.0,1.0,0.0,0.0,0.0,0.0,0.0,0.0,0.0,1.0,0.0,0.0,0.0,0.01292202528566122,0.5,0.0,50.258440505713224
4.063492063492063,0.0,0.0,0.0,0.0,0.0,0.0,0.0,1.0,0.0,0.0,0.0,1.0,0.0,0.0,0.0,0.0,0.0,0.0,0.0,1.0,0.0,0.0,0.0,0.012567318044602871,0.5,0.0,50.25134636089206
4.08671201814059,0.0,0.0,0.0,0.0,0.0,0.0,0.0,1.0,0.0,0.0,0.0,1.0,0.0,0.0,0.0,0.0,0.0,0.0,0.0,1.0,0.0,0.0,0.0,0.012554069049656391,0.5,0.0,50.25108138099313
4.1099319727891155,0.0,0.0,0.0,0.0,0.0,0.0,0.0,1.0,0.0,0.0,0.0,1.0,0.0,0.0,0.0,0.0,0.0,0.0,0.0,1.0,0.0,0.0,0.0,0.012565912678837776,0.5,0.0,50.251318253576756
4.133151927437642,0.0,0.0,0.0,0.0,0.0,0.0,0.0,1.0,0.0,0.0,0.0,1.0,0.0,0.0,0.0,0.0,0.0,0.0,0.0,1.0,0.0,0.0,0.0,0.012794681824743748,0.5,0.0,50.255893636494875
4.156371882086168,0.0,0.0,0.0,0.0,0.0,0.0,0.0,1.0,0.0,0.0,0.0,1.0,0.0,0.0,0.0,0.0,0.0,0.0,0.0,1.0,0.0,0.0,0.0,0.016191549599170685,0.5,0.0,50.323830991983414
4.179591836734694,0.0,0.0,0.0,0.0,0.0,0.0,0.0,1.0,0.0,0.0,0.0,1.0,0.0,0.0,0.0,0.0,0.0,0.0,0.0,1.0,0.0,0.0,0.0,0.033773764967918396,0.5,0.0,50.67547529935837
4.20281179138322,0.0,0.0,0.0,0.0,0.0,0.0,0.0,0.0,0.0,0.0,0.0,1.0,0.0,0.0,0.0,0.0,0.0,0.0,0.0,0.32550016045570374,0.0,0.0,0.0,1.0,1.0,0.32550016045570374,93.48999679088593
4.2260317460317465,0.0,0.0,0.0,0.0,0.0,0.0,0.0,0.0,0.0,0.0,0.0,1.0,0.0,0.0,0.0,0.0,0.0,0.0,0.0,0.01716725155711174,0.0,0.0,0.0,1.0,1.0,0.01716725155711174,99.65665496885777
4.249251700680272,0.0,0.0,0.0,0.0,0.0,0.0,0.0,0.0,0.0,0.0,0.0,1.0,0.0,0.0,0.0,0.0,0.0,0.0,0.0,0.0,0.0,0.0,0.0,1.0,1.0,0.0,100.0
4.272471655328798,0.0,0.0,0.0,0.0,0.0,0.0,0.0,0.0,0.0,0.0,0.0,1.0,0.0,0.0,0.0,0.0,0.0,0.0,0.0,0.0,0.0,0.0,0.0,1.0,1.0,0.0,100.0
4.295691609977324,0.0,0.0,0.0,0.0,0.0,0.0,0.0,0.0,0.0,0.0,0.0,1.0,0.0,0.0,0.0,0.0,0.0,0.0,0.0,0.0,0.0,0.0,0.0,1.0,1.0,0.0,100.0
4.31891156462585,0.0,0.0,0.0,0.0,0.0,0.0,0.0,0.0,0.0,0.0,0.0,1.0,0.0,0.0,0.0,0.0,0.0,0.0,0.0,0.0,0.0,0.0,0.0,1.0,1.0,0.0,100.0
4.342131519274377,0.0,0.0,0.0,0.0,0.0,0.0,0.0,0.0,0.0,0.0,0.0,1.0,0.0,0.0,0.0,0.0,0.0,0.0,0.0,0.50710129737854,0.0,0.0,0.0,1.0,1.0,0.50710129737854,89.8579740524292
4.365351473922902,0.0,0.0,0.0,0.0,0.0,0.0,0.0,0.0,0.0,0.0,0.0,1.0,0.0,0.0,0.0,0.0,0.0,0.0,0.0,1.0,0.0,0.0,0.0,0.005234822630882263,0.0,1.0,0.0
4.388571428571429,0.0,0.0,0.0,0.0,0.0,0.0,0.0,1.0,0.0,0.0,0.0,1.0,0.0,0.0,0.0,0.0,0.0,0.0,0.0,1.0,0.0,0.0,0.0,0.0016244022408500314,0.5,0.0,50.032488044817
4.4117913832199545,0.0,0.0,0.0,0.0,0.0,0.0,0.0,1.0,0.0,0.0,0.0,1.0,0.0,0.0,0.0,0.0,0.0,0.0,0.0,1.0,0.0,0.0,0.0,0.001586451311595738,0.5,0.0,50.031729026231915
4.435011337868481,0.0,0.0,0.0,0.0,0.0,0.0,0.0,1.0,0.0,0.0,0.0,1.0,0.0,0.0,0.0,0.0,0.0,0.0,0.0,1.0,0.0,0.0,0.0,0.0015840569976717234,0.5,0.0,50.031681139953434
4.458231292517007,0.0,0.0,0.0,0.0,0.0,0.0,0.0,1.0,0.0,0.0,0.0,1.0,0.0,0.0,0.0,0.0,0.0,0.0,0.0,1.0,0.0,0.0,0.0,0.0015831752680242062,0.5,0.0,50.031663505360484
4.481451247165533,0.0,0.0,0.0,0.0,0.0,0.0,0.0,1.0,0.0,0.0,0.0,1.0,0.0,0.0,0.0,0.0,0.0,0.0,0.0,1.0,0.0,0.0,0.0,0.0015866559697315097,0.5,0.0,50.03173311939463
4.504671201814059,0.0,0.0,0.0,0.0,0.0,0.0,0.0,1.0,0.0,0.0,0.0,1.0,0.0,0.0,0.0,0.0,0.0,0.0,0.0,1.0,0.0,0.0,0.0,0.0015828657196834683,0.5,0.0,50.03165731439367
4.527891156462585,0.0,0.0,0.0,0.0,0.0,0.0,0.0,1.0,0.0,0.0,0.0,1.0,0.0,0.0,0.0,0.0,0.0,0.0,0.0,1.0,0.0,0.0,0.0,0.0015845970483496785,0.5,0.0,50.031691940966994
4.551111111111111,0.0,0.0,0.0,0.0,0.0,0.0,0.0,1.0,0.0,0.0,0.0,1.0,0.0,0.0,0.0,0.0,0.0,0.0,0.0,1.0,0.0,0.0,0.0,0.001586166094057262,0.5,0.0,50.031723321881145
4.574331065759637,0.0,0.0,0.0,0.0,0.0,0.0,0.0,1.0,0.0,0.0,0.0,1.0,0.0,0.0,0.0,0.0,0.0,0.0,0.0,1.0,0.0,0.0,0.0,0.0015823948197066784,0.5,0.0,50.031647896394134
4.597551020408163,0.0,0.0,0.0,0.0,0.0,0.0,0.0,1.0,0.0,0.0,0.0,1.0,0.0,0.0,0.0,0.0,0.0,0.0,0.0,1.0,0.0,0.0,0.0,0.0015859086997807026,0.5,0.0,50.031718173995614
4.620770975056689,0.0,0.0,0.0,0.0,0.0,0.0,0.0,1.0,0.0,0.0,0.0,1.0,0.0,0.0,0.0,0.0,0.0,0.0,0.0,1.0,0.0,0.0,0.0,0.0015848642215132713,0.5,0.0,50.031697284430265
4.6439909297052155,0.0,0.0,0.0,0.0,0.0,0.0,0.0,1.0,0.0,0.0,0.0,1.0,0.0,0.0,0.0,0.0,0.0,0.0,0.0,1.0,0.0,0.0,0.0,0.001582777127623558,0.5,0.0,50.03165554255247
4.667210884353741,0.0,0.0,0.0,0.0,0.0,0.0,0.0,1.0,0.0,0.0,0.0,1.0,0.0,0.0,0.0,0.0,0.0,0.0,0.0,1.0,0.0,0.0,0.0,0.001586774131283164,0.5,0.0,50.03173548262566
4.690430839002268,0.0,0.0,0.0,0.0,0.0,0.0,0.0,1.0,0.0,0.0,0.0,1.0,0.0,0.0,0.0,0.0,0.0,0.0,0.0,1.0,0.0,0.0,0.0,0.0015835309168323874,0.5,0.0,50.03167061833665
4.713650793650793,0.0,0.0,0.0,0.0,0.0,0.0,0.0,1.0,0.0,0.0,0.0,1.0,0.0,0.0,0.0,0.0,0.0,0.0,0.0,1.0,0.0,0.0,0.0,0.0016651989426463842,0.5,0.0,50.03330397885293
4.73687074829932,0.0,0.0,0.0,0.0,0.0,0.0,0.0,1.0,0.0,0.0,0.0,1.0,0.00904158502817154,0.0,0.0,0.0,0.0,0.0,0.0,1.0,0.0,0.09708815813064575,0.13028693199157715,0.0002710747066885233,0.5,0.13028693199157715,47.39968285430223
4.760090702947846,0.0,0.0,0.0,0.0,0.0,0.0,0.0,1.0,0.0,0.0,0.0,1.0,0.2615114152431488,0.0,0.0,0.0,0.0,0.0,0.0,0.23080769181251526,0.0,1.0,0.0,0.0,0.0,1.0,0.0
4.783310657596372,0.0,0.0,0.0,0.0,0.0,0.0,0.0,0.0,0.0,1.0,0.0,0.0,0.4184555113315582,0.0,0.0,0.0,0.0,0.0,0.0,0.001615643734112382,0.0,1.0,0.0,0.0,1.0,0.4184555113315582,91.63088977336884
4.806530612244898,1.0,0.0,0.0,0.0,0.0,0.0,0.0,0.0,0.0,1.0,0.0,0.0,0.4745338559150696,0.0,0.0,0.0,0.0,0.0,0.0,0.00018776571960188448,0.0,1.0,0.0,0.0,1.0,0.00018776571960188448,89.48692180390935
4.829750566893424,1.0,0.0,0.0,0.0,0.0,0.0,0.0,0.0,0.0,1.0,0.0,0.0,0.47467267513275146,0.0,0.0,0.0,0.0,0.0,0.0,0.0,0.0,1.0,0.0,0.0,1.0,0.0,89.49345350265503
4.85297052154195,1.0,0.0,0.0,0.0,0.0,0.0,0.0,0.0,0.0,1.0,0.0,0.0,0.47346168756484985,0.0,0.0,0.0,0.0,0.0,0.0,0.0,0.0,1.0,0.0,0.0,1.0,0.0,89.469233751297
4.876190476190477,1.0,0.0,0.0,0.0,0.0,0.0,0.0,0.0,0.0,1.0,0.0,0.0,0.4742245674133301,0.0,0.0,0.0,0.0,0.0,0.0,0.0,0.0,1.0,0.0,0.0,1.0,0.0,89.4844913482666
4.899410430839002,1.0,0.0,0.0,0.0,0.0,0.0,0.0,0.0,0.0,1.0,0.0,0.0,0.4739393889904022,0.0,0.0,0.0,0.0,0.0,0.0,0.0,0.0,1.0,0.0,0.0,1.0,0.0,89.47878777980804
4.922630385487528,1.0,0.0,0.0,0.0,0.0,0.0,0.0,0.0,0.0,1.0,0.0,0.0,0.4737235903739929,0.0,0.0,0.0,0.0,0.0,0.0,0.0,0.0,1.0,0.0,0.0,1.0,0.0,89.47447180747986
4.9458503401360545,1.0,0.0,0.0,0.0,0.0,0.0,0.0,0.0,0.0,1.0,0.0,0.0,0.4735913872718811,0.0,0.0,0.0,0.0,0.0,0.0,0.0,0.0,1.0,0.0,0.0,1.0,0.0,89.47182774543762
4.96907029478458,1.0,0.0,0.0,0.0,0.0,0.0,0.0,0.0,0.0,1.0,0.0,0.0,0.473561555147171,0.0,0.0,0.0,0.0,0.0,0.0,0.0,0.0,1.0,0.0,0.0,1.0,0.0,89.47123110294342
4.992290249433107,1.0,0.0,0.0,0.0,0.0,0.0,0.0,0.0,0.0,1.0,0.0,0.0,0.4736558794975281,0.0,0.0,0.0,0.0,0.0,0.0,0.0,0.0,1.0,0.0,0.0,1.0,0.0,89.47311758995056
5.015510204081632,1.0,0.0,0.0,0.0,0.0,0.0,0.0,0.0,0.0,1.0,0.0,0.0,0.4738644063472748,0.0,0.0,0.0,0.0,0.0,0.0,0.0,0.0,1.0,0.0,0.0,1.0,0.0,89.4772881269455
5.038730158730159,1.0,0.0,0.0,0.0,0.0,0.0,0.0,0.0,0.0,1.0,0.0,0.0,0.4741421341896057,0.0,0.0,0.0,0.0,0.0,0.0,0.0,0.0,1.0,0.0,0.0,1.0,0.0,89.48284268379211
5.061950113378685,1.0,0.0,0.0,0.0,0.0,0.0,0.0,0.0,0.0,1.0,0.0,0.0,0.4744199216365814,0.0,0.0,0.0,0.0,0.0,0.0,0.0,0.0,1.0,0.0,0.0,1.0,0.0,89.48839843273163
5.085170068027211,1.0,0.0,0.0,0.0,0.0,0.0,0.0,0.0,0.0,1.0,0.0,0.0,0.47465503215789795,0.0,0.0,0.0,0.0,0.0,0.0,0.0,0.0,1.0,0.0,0.0,1.0,0.0,89.49310064315796
5.108390022675737,1.0,0.0,0.0,0.0,0.0,0.0,0.0,0.0,0.0,1.0,0.0,0.0,0.47484031319618225,0.0,0.0,0.0,0.0,0.0,0.0,0.0,0.0,1.0,0.0,0.0,1.0,0.0,89.49680626392365
5.131609977324263,1.0,0.0,0.0,0.0,0.0,0.0,0.0,0.0,0.0,1.0,0.0,0.0,0.49560877680778503,0.0,0.0009265004773624241,0.0,0.0,0.0,0.0,0.0,0.0,1.0,0.0,0.0,1.0,0.0009265004773624241,89.89364552660845
5.154829931972789,1.0,0.0,0.0,0.0,0.0,0.0,0.0,0.0,0.0,1.0,0.0,0.0,0.3948114216327667,0.0,0.2514954209327698,0.0,1.2440785894796136e-6,0.0,0.0,0.0,0.0,1.0,0.0,0.0,1.0,0.2514954209327698,82.86632001399994
5.178049886621316,1.0,0.0,0.0,0.0,0.0,0.0,0.0,0.0,0.0,1.0,0.0,0.0,0.11434844881296158,0.0,1.0,0.0,0.0,0.0,0.0,0.0,0.0,0.02897968702018261,0.0,0.0,0.0,1.0,0.0
5.201269841269841,0.0,0.0,1.0,0.0,0.0,0.0,0.0,0.0,0.0,1.0,0.0,0.0,0.015484826639294624,0.0,1.0,0.0,0.0,0.0,0.0,0.0,0.0,0.021376408636569977,0.0,0.0,0.5,0.015484826639294624,50.11783163994551
5.224489795918367,0.0,0.0,1.0,0.0,0.0,0.0,0.0,0.0,0.0,1.0,0.0,0.0,0.0014632121892645955,0.0,1.0,0.0,0.0,0.0,0.0,0.0,0.0,0.021312611177563667,0.0,0.0,0.5,0.0014632121892645955,50.39698797976598
5.2477097505668935,0.0,0.0,1.0,0.0,0.0,0.0,0.0,0.0,0.0,1.0,0.0,0.0,0.0,0.0,1.0,0.0,0.0,0.0,0.0,0.0,0.0,0.021324055269360542,0.0,0.0,0.5,0.0,50.42648110538721
5.270929705215419,0.0,0.0,1.0,0.0,0.0,0.0,0.0,0.0,0.0,1.0,0.0,0.0,0.0,0.0,1.0,0.0,0.0,0.0,0.0,0.0,0.0,0.02134358510375023,0.0,0.0,0.5,0.0,50.426871702075005
5.294149659863946,0.0,0.0,1.0,0.0,0.0,0.0,0.0,0.0,0.0,1.0,0.0,0.0,0.0,0.0,1.0,0.0,0.0,0.0,0.0,0.0,0.0,0.021343683823943138,0.0,0.0,0.5,0.0,50.42687367647886
5.317369614512471,0.0,0.0,1.0,0.0,0.0,0.0,0.0,0.0,0.0,1.0,0.0,0.0,0.0,0.0,1.0,0.0,0.0,0.0,0.0,0.0,0.0,0.02122584916651249,0.0,0.0,0.5,0.0,50.42451698333025
5.340589569160998,0.0,0.0,1.0,0.0,0.0,0.0,0.0,0.0,0.0,1.0,0.0,0.0,0.0169672891497612,0.0,1.0,0.0,0.0,0.0,0.0,0.0,0.0,0.021030090749263763,0.0,0.0,0.5,0.0169672891497612,50.08125603199005
5.363809523809524,0.0,0.0,1.0,0.0,0.0,0.0,0.0,0.0,0.0,1.0,0.0,0.0,1.0,0.0,0.823952853679657,0.0,0.0,0.0,0.0,0.0,0.0,0.02499275840818882,0.0,0.0,0.5,1.0,26.978912241756916
5.38702947845805,1.0,0.0,0.0,0.0,0.0,0.0,0.0,0.0,0.0,1.0,0.0,0.0,1.0,0.0,0.10709591209888458,0.0,0.0,0.0,0.0,0.0,0.0,0.19520118832588196,0.0,0.0,0.5,0.10709591209888458,51.76210552453995
5.410249433106576,1.0,0.0,0.0,0.0,0.0,0.0,0.0,0.0,0.0,1.0,0.0,0.0,1.0,0.0,0.011184930801391602,0.0,0.0,0.0,0.0,0.0,0.0,0.17330855131149292,0.0,0.0,0.5,0.011184930801391602,53.242472410202026
5.433469387755102,1.0,0.0,0.0,0.0,0.0,0.0,0.0,0.0,0.0,1.0,0.0,0.0,1.0,0.0,0.0,0.0,0.0,0.0,0.0,0.0,0.0,0.1732999086380005,0.0,0.0,0.5,0.0,53.46599817276001
5.456689342403628,1.0,0.0,0.0,0.0,0.0,0.0,0.0,0.0,0.0,1.0,0.0,0.0,1.0,0.0,0.0,0.0,0.0,0.0,0.0,0.0,0.0,0.17327424883842468,0.0,0.0,0.5,0.0,53.465484976768494
5.479909297052155,1.0,0.0,0.0,0.0,0.0,0.0,0.0,0.0,0.0,1.0,0.0,0.0,1.0,0.0,0.0,0.0,0.0,0.0,0.0,0.0,0.0,0.1731618046760559,0.0,0.0,0.5,0.0,53.46323609352112
5.50312925170068,1.0,0.0,0.0,0.0,0.0,0.0,0.0,0.0,0.0,1.0,0.0,0.0,1.0,0.0,0.0,0.0,0.0,0.0,0.0,0.0,0.0,0.1731303185224533,0.0,0.0,0.5,0.0,53.462606370449066
5.526349206349207,1.0,0.0,0.0,0.0,0.0,0.0,0.0,0.0,0.0,1.0,0.0,0.0,1.0,0.0,0.0,0.0,0.0,0.0,0.0,0.0,0.0,0.19313737750053406,0.0,0.0,0.5,0.0,53.86274755001068
5.5495691609977325,1.0,0.0,0.0,0.0,0.0,0.0,0.0,0.0,0.0,1.0,0.0,0.0,1.0,0.0,0.0,0.0,0.0,0.0,0.0,0.0,0.0,0.26959311962127686,0.0,0.0019884861540049314,1.0,0.0019884861540049314,85.35209266934544
5.572789115646258,1.0,0.0,0.0,0.0,0.0,0.0,0.0,0.0,0.0,1.0,0.0,0.0,0.2356244921684265,0.0,0.0,0.0,0.0,0.0,0.0,0.0,0.0,0.10637199133634567,0.0,1.0,0.0,1.0,0.0
5.596009070294785,0.0,0.0,0.0,0.0,0.0,0.0,0.0,0.0,0.0,1.0,0.0,1.0,0.05046607553958893,0.0,0.0,0.0,0.0,0.0,0.0,0.0,0.0,0.03734841197729111,0.0,1.0,0.5,0.05046607553958893,49.737646728754044
5.61922902494331,0.0,0.0,0.0,0.0,0.0,0.0,0.0,0.0,0.0,1.0,0.0,1.0,0.0044110724702477455,0.0,0.0,0.0,0.0,0.0,0.0,0.0,0.0,0.03668992966413498,0.0,1.0,0.5,0.0044110724702477455,50.645577143877745
5.642448979591837,0.0,0.0,0.0,0.0,0.0,0.0,0.0,0.0,0.0,1.0,0.0,1.0,0.0,0.0,0.0,0.0,0.0,0.0,0.0,0.0,0.0,0.03565649688243866,0.0,1.0,0.5,0.0,50.71312993764877
5.6656689342403626,0.0,0.0,0.0,0.0,0.0,0.0,0.0,0.0,0.0,1.0,0.0,1.0,0.0,0.0,0.0,0.0,0.0,0.0,0.0,0.0,0.0,0.036469556391239166,0.0,1.0,0.5,0.0,50.72939112782478
5.688888888888889,0.0,0.0,0.0,0.0,0.0,0.0,0.0,0.0,0.0,1.0,0.0,1.0,0.0,0.0,0.0,0.0,0.0,0.0,0.0,0.0,0.0,0.036465004086494446,0.0,1.0,0.5,0.0,50.72930008172989
5.712108843537415,0.0,0.0,0.0,0.0,0.0,0.0,0.0,0.0,0.0,1.0,0.0,1.0,0.0,0.0,0.0,0.0,0.0,0.0,0.0,0.0,0.0,0.03641023859381676,0.0,1.0,0.5,0.0,50.728204771876335
5.735328798185941,0.0,0.0,0.0,0.0,0.0,0.0,0.0,0.0,0.0,1.0,0.0,1.0,0.0,0.0,0.0,0.0,0.0,0.0,0.0,0.0,0.0,0.27548691630363464,0.0,1.0,1.0,0.0,85.50973832607269
5.758548752834467,0.0,0.0,0.0,0.0,0.0,0.0,0.0,0.0,0.0,1.0,0.0,1.0,0.0,0.0,0.0,0.0,0.0,0.0,0.0,0.0,0.0,1.0,0.0,0.5764070153236389,1.0,0.0,91.52814030647278
5.7817687074829935,0.0,0.0,0.0,0.0,0.0,0.0,0.0,0.0,0.0,1.0,0.0,1.0,0.0,0.0,0.0,0.0,0.0,0.0,0.0,0.0,0.0,1.0,0.0,0.07900000363588333,0.5,0.0,51.58000007271767
5.804988662131519,0.0,0.0,0.0,0.0,0.0,0.0,0.0,0.0,0.0,1.0,0.0,0.0,0.0,0.0,0.0,0.0,0.0,0.0,0.0,0.0,0.0,1.0,0.0,0.009366254322230816,1.0,0.009366254322230816,99.81267491355538
5.828208616780046,0.0,0.0,0.0,0.0,0.0,0.0,0.0,0.0,0.0,1.0,0.0,0.0,0.0,0.0,0.0,0.0,0.0,0.0,0.0,0.0,0.0,1.0,0.0,0.0,1.0,0.0,100.0
5.851428571428571,0.0,0.0,0.0,0.0,0.0,0.0,0.0,0.0,0.0,1.0,0.0,0.0,0.0,0.0,0.0,0.0,0.0,0.0,0.0,0.0,0.0,1.0,0.0,0.0,1.0,0.0,100.0
5.874648526077097,0.0,0.0,0.0,0.0,0.0,0.0,0.0,0.0,0.0,1.0,0.0,0.0,0.0,0.0,0.0,0.0,0.0,0.0,0.0,0.0,0.0,1.0,0.0,0.0,1.0,0.0,100.0
5.897868480725624,0.0,0.0,0.0,0.0,0.0,0.0,0.0,0.0,0.0,1.0,0.0,0.0,0.0,0.0,0.0,0.0,0.0,0.0,0.0,0.0,0.0,1.0,0.0,0.0,1.0,0.0,100.0
5.921088435374149,0.0,0.0,0.0,0.0,0.0,0.0,0.0,0.0,0.0,1.0,0.0,0.0,0.0,0.0,0.0,0.0,0.0,0.0,0.0,0.0,0.0,1.0,0.0,0.0,1.0,0.0,100.0
5.944308390022676,0.0,0.0,0.0,0.0,0.0,0.0,0.0,0.0,0.0,1.0,0.0,0.0,0.0,0.0,0.0,0.0,0.0,0.0,0.0,0.08056469261646271,0.0,1.0,0.0,0.0056985910050570965,1.0,0.08056469261646271,98.38870614767075
5.9675283446712015,0.0,0.0,0.0,0.0,0.0,0.0,0.0,0.0,0.0,1.0,0.0,0.0,0.0,0.0,0.0,0.0,0.0,0.0,0.0,1.0,0.0,0.18289484083652496,0.0,0.011835405603051186,0.0,1.0,0.0
5.990748299319728,0.0,0.0,0.0,0.0,0.0,0.0,0.0,1.0,0.0,0.0,0.0,1.0,0.0,0.0,0.0,0.0,0.0,0.0,0.0,1.0,0.0,0.03343645855784416,0.0,0.018321538344025612,0.5,0.03343645855784416,49.69770159572363
6.013968253968254,0.0,0.0,0.0,0.0,0.0,0.0,0.0,1.0,0.0,0.0,0.0,1.0,0.0,0.0,0.0,0.0,0.0,0.0,0.0,1.0,0.0,0.0028027913067489862,0.0,0.019931931048631668,0.5,0.0028027913067489862,50.342582794837654
6.03718820861678,0.0,0.0,0.0,0.0,0.0,0.0,0.0,1.0,0.0,0.0,0.0,1.0,0.0,0.0,0.0,0.0,0.0,0.0,0.0,1.0,0.0,0.0,0.0,0.01991197094321251,0.5,0.0,50.39823941886425
6.060408163265306,0.0,0.0,0.0,0.0,0.0,0.0,0.0,1.0,0.0,0.0,0.0,1.0,0.0,0.0,0.0,0.0,0.0,0.0,0.0,1.0,0.0,0.0,0.0,0.020014319568872452,0.5,0.0,50.40028639137745
6.0836281179138325,0.0,0.0,0.0,0.0,0.0,0.0,0.0,1.0,0.0,0.0,0.0,1.0,0.0,0.0,0.0,0.0,0.0,0.0,0.0,1.0,0.0,0.0,0.0,0.020014068111777306,0.5,0.0,50.400281362235546
6.106848072562358,0.0,0.0,0.0,0.0,0.0,0.0,0.0,1.0,0.0,0.0,0.0,1.0,0.0,0.0,0.0,0.0,0.0,0.0,0.0,1.0,0.0,0.0,0.0,0.02001556009054184,0.5,0.0,50.40031120181084
6.130068027210885,0.0,0.0,0.0,0.0,0.0,0.0,0.0,1.0,0.0,0.0,0.0,1.0,0.0,0.0,0.0,0.0,0.0,0.0,0.0,1.0,0.0,0.0,0.0,0.0200125053524971,0.5,0.0,50.40025010704994
6.15328798185941,0.0,0.0,0.0,0.0,0.0,0.0,0.0,1.0,0.0,0.0,0.0,1.0,0.0,0.0,0.0,0.0,0.0,0.0,0.0,1.0,0.0,0.0,0.0,0.020016834139823914,0.5,0.0,50.40033668279648
6.176507936507937,0.0,0.0,0.0,0.0,0.0,0.0,0.0,1.0,0.0,0.0,0.0,1.0,0.0,0.0,0.0,0.0,0.0,0.0,0.0,1.0,0.0,0.0,0.0,0.020016806200146675,0.5,0.0,50.40033612400293
6.199727891156463,0.0,0.0,0.0,0.0,0.0,0.0,0.0,1.0,0.0,0.0,0.0,1.0,0.0,0.0,0.0,0.0,0.0,0.0,0.0,1.0,0.0,0.0,0.0,0.020012501627206802,0.5,0.0,50.400250032544136
6.222947845804988,0.0,0.0,0.0,0.0,0.0,0.0,0.0,1.0,0.0,0.0,0.0,1.0,0.0,0.0,0.0,0.0,0.0,0.0,0.0,1.0,0.0,0.0,0.0,0.020015552639961243,0.5,0.0,50.400311052799225
6.246167800453515,0.0,0.0,0.0,0.0,0.0,0.0,0.0,1.0,0.0,0.0,0.0,1.0,0.0,0.0,0.0,0.0,0.0,0.0,0.0,1.0,0.0,0.0,0.0,0.02001272141933441,0.5,0.0,50.40025442838669
6.2693877551020405,0.0,0.0,0.0,0.0,0.0,0.0,0.0,1.0,0.0,0.0,0.0,1.0,0.0,0.0,0.0,0.0,0.0,0.0,0.0,1.0,0.0,0.0,0.0,0.020014658570289612,0.5,0.0,50.40029317140579
6.292607709750567,0.0,0.0,0.0,0.0,0.0,0.0,0.0,1.0,0.0,0.0,0.0,1.0,0.0,0.0,0.0,0.0,0.0,0.0,0.0,1.0,0.0,0.0,0.0,0.020017245784401894,0.5,0.0,50.40034491568804
6.315827664399093,0.0,0.0,0.0,0.0,0.0,0.0,0.0,1.0,0.0,0.0,0.0,1.0,0.0,0.0,0.0,0.0,0.0,0.0,0.0,1.0,0.0,0.0,0.0,0.02009710669517517,0.5,0.0,50.4019421339035
6.339047619047619,0.0,0.0,0.0,0.0,0.0,0.0,0.0,1.0,0.0,0.0,0.0,1.0,0.007823988795280457,0.0,0.0,0.0,0.0,0.0,0.0,1.0,0.0,0.0,0.0,0.015493113547563553,0.5,0.007823988795280457,50.15338249504566
6.362267573696145,0.0,0.0,0.0,0.0,0.0,0.0,0.0,1.0,0.0,0.0,0.0,1.0,0.4803762137889862,0.0,0.0,0.0,0.0,0.0,0.0,1.0,0.0,0.0,0.0,0.007948551326990128,0.5,0.4803762137889862,40.55144675076008
6.3854875283446715,0.0,0.0,0.0,0.0,0.0,0.0,0.0,1.0,0.0,0.0,0.0,1.0,1.0,0.0,0.0,0.0,0.0,0.0,0.0,0.027492817491292953,0.0,0.0,0.0,0.00002955667514470406,0.0,1.0,0.0
6.408707482993197,1.0,0.0,0.0,0.0,0.0,0.0,0.0,1.0,0.0,0.0,0.0,0.0,1.0,0.0,0.0,0.0,0.0,0.0,0.0,0.024053646251559258,0.0,0.0,0.0,0.0005907823797315359,0.5,0.0005907823797315359,50.469257277436554
6.431927437641724,1.0,0.0,0.0,0.0,0.0,0.0,0.0,1.0,0.0,0.0,0.0,0.0,1.0,0.0,0.0,0.0,0.0,0.0,0.0,0.02416868321597576,0.0,0.0,0.0,0.0,0.5,0.0,50.483373664319515
6.455147392290249,1.0,0.0,0.0,0.0,0.0,0.0,0.0,1.0,0.0,0.0,0.0,0.0,1.0,0.0,0.0,0.0,0.0,0.0,0.0,0.024053165689110756,0.0,0.0,0.0,0.0,0.5,0.0,50.481063313782215
6.478367346938776,1.0,0.0,0.0,0.0,0.0,0.0,0.0,1.0,0.0,0.0,0.0,0.0,1.0,0.0,0.0,0.0,0.0,0.0,0.0,0.024239908903837204,0.0,0.0,0.0,0.0,0.5,0.0,50.484798178076744
6.501587301587302,1.0,0.0,0.0,0.0,0.0,0.0,0.0,1.0,0.0,0.0,0.0,0.0,1.0,0.0,0.0,0.0,0.0,0.0,0.0,0.0242450051009655,0.0,0.0,0.0,0.0,0.5,0.0,50.48490010201931
6.524807256235827,1.0,0.0,0.0,0.0,0.0,0.0,0.0,1.0,0.0,0.0,0.0,0.0,1.0,0.0,0.0,0.0,0.0,0.0,0.0,0.023484157398343086,0.0,0.0,0.0,0.0,0.5,0.0,50.46968314796686
6.548027210884354,1.0,0.0,0.0,0.0,0.0,0.0,0.0,1.0,0.0,0.0,0.0,0.0,1.0,0.0,0.0,0.0,0.0,0.0,0.0,0.02181689813733101,0.0,0.0,0.0,0.004518795292824507,0.5,0.004518795292824507,50.34596205689013
6.5712471655328795,1.0,0.0,0.0,0.0,0.0,0.0,0.0,1.0,0.0,0.0,0.0,0.0,0.5130885243415833,0.0,0.0,0.0,0.0,0.0,0.0,0.017019271850585938,0.0,0.0,0.0,1.0,0.5,1.0,20.602155923843384
6.594467120181406,0.0,0.0,0.0,0.0,0.0,0.0,0.0,1.0,0.0,0.0,0.0,1.0,0.06096285209059715,0.0,0.0,0.0,0.0,0.0,0.0,0.1265389323234558,0.0,0.0,0.0,1.0,0.5,0.06096285209059715,51.31152160465717
6.617687074829932,0.0,0.0,0.0,0.0,0.0,0.0,0.0,1.0,0.0,0.0,0.0,1.0,0.0,0.0,0.0,0.0,0.0,0.0,0.0,0.12292009592056274,0.0,0.0,0.0,1.0,0.5,0.0,52.458401918411255
6.640907029478458,0.0,0.0,0.0,0.0,0.0,0.0,0.0,1.0,0.0,0.0,0.0,1.0,0.0,0.0,0.0,0.0,0.0,0.0,0.0,0.12659306824207306,0.0,0.0,0.0,1.0,0.5,0.0,52.53186136484146
6.664126984126984,0.0,0.0,0.0,0.0,0.0,0.0,0.0,1.0,0.0,0.0,0.0,1.0,0.0,0.0,0.0,0.0,0.0,0.0,0.0,0.12306077778339386,0.0,0.0,0.0,1.0,0.5,0.0,52.46121555566788
6.6873469387755105,0.0,0.0,0.0,0.0,0.0,0.0,0.0,1.0,0.0,0.0,0.0,1.0,0.0,0.0,0.0,0.0,0.0,0.0,0.0,0.12323112040758133,0.0,0.0,0.0,1.0,0.5,0.0,52.46462240815163
6.710566893424036,0.0,0.0,0.0,0.0,0.0,0.0,0.0,1.0,0.0,0.0,0.0,1.0,0.0,0.0,0.0,0.0,0.0,0.0,0.0,0.12325094640254974,0.0,0.0,0.0,1.0,0.5,0.0,52.465018928050995
6.733786848072563,0.0,0.0,0.0,0.0,0.0,0.0,0.0,1.0,0.0,0.0,0.0,1.0,0.0,0.0,0.0,0.0,0.0,0.0,0.0,0.12794585525989532,0.0,0.0021657124161720276,0.0,1.0,0.5,0.0021657124161720276,52.515602856874466
6.757006802721088,0.0,0.0,0.0,0.0,0.0,0.0,0.0,1.0,0.0,0.0,0.0,1.0,0.0,0.0,0.0,0.0,0.0,0.0,0.0,0.17230324447155,0.0,0.4868597984313965,0.0,1.0,0.5,0.4868597984313965,43.70886892080307
6.780226757369615,0.0,0.0,0.0,0.0,0.0,0.0,0.0,1.0,0.0,0.0,0.0,1.0,0.0,0.0,0.0,0.0,0.0,0.0,0.0,0.06389918178319931,0.0,1.0,0.0,0.17331598699092865,0.0,1.0,0.0
6.8034467120181406,0.0,0.0,0.0,0.0,0.0,0.0,0.0,1.0,0.0,1.0,0.0,0.0,0.0,0.0,0.0,0.0,0.0,0.0,0.0,0.046406712383031845,0.0,1.0,0.0,0.02064264751970768,0.5,0.02064264751970768,50.51528129726648
6.826666666666667,0.0,0.0,0.0,0.0,0.0,0.0,0.0,1.0,0.0,1.0,0.0,0.0,0.0,0.0,0.0,0.0,0.0,0.0,0.0,0.04638867825269699,0.0,1.0,0.0,0.0015225006500259042,0.5,0.0015225006500259042,50.89732355205342
6.849886621315193,0.0,0.0,0.0,0.0,0.0,0.0,0.0,1.0,0.0,1.0,0.0,0.0,0.0,0.0,0.0,0.0,0.0,0.0,0.0,0.046370670199394226,0.0,1.0,0.0,0.0,0.5,0.0,50.927413403987885
6.873106575963718,0.0,0.0,0.0,0.0,0.0,0.0,0.0,1.0,0.0,1.0,0.0,0.0,0.0,0.0,0.0,0.0,0.0,0.0,0.0,0.04631723463535309,0.0,1.0,0.0,0.0,0.5,0.0,50.92634469270706
6.896326530612245,0.0,0.0,0.0,0.0,0.0,0.0,0.0,1.0,0.0,1.0,0.0,0.0,0.0,0.0,0.0,0.0,0.0,0.0,0.0,0.04634035378694534,0.0,1.0,0.0,0.0,0.5,0.0,50.92680707573891
6.919546485260771,0.0,0.0,0.0,0.0,0.0,0.0,0.0,1.0,0.0,1.0,0.0,0.0,0.0,0.0,0.0,0.0,0.0,0.0,0.0,0.04665374010801315,0.0,1.0,0.0,0.0,0.5,0.0,50.93307480216026
6.942766439909297,0.0,0.0,0.0,0.0,0.0,0.0,0.0,1.0,0.0,1.0,0.0,0.0,0.0,0.0,0.0,0.0,0.0,0.0,0.0,0.2665019631385803,0.0,1.0,0.0,0.0,1.0,0.0,85.3300392627716
6.965986394557823,0.0,0.0,0.0,0.0,0.0,0.0,0.0,1.0,0.0,1.0,0.0,0.0,0.0,0.0,0.0,0.0,0.0,0.0,0.0,1.0,0.0,0.2978748381137848,0.0,0.0,1.0,0.0,85.9574967622757
6.989206349206349,0.0,0.0,0.0,0.0,0.0,0.0,0.0,1.0,0.0,0.0,0.0,0.0,0.0,0.0,0.0,0.0,0.0,0.0,0.0,1.0,0.0,0.05946137383580208,0.0,0.0,1.0,0.05946137383580208,98.81077252328396
7.012426303854875,0.0,0.0,0.0,0.0,0.0,0.0,0.0,1.0,0.0,0.0,0.0,0.0,0.0,0.0,0.0,0.0,0.0,0.0,0.0,1.0,0.0,0.006525978911668062,0.0,0.0,1.0,0.006525978911668062,99.86948042176664
7.035646258503402,0.0,0.0,0.0,0.0,0.0,0.0,0.0,1.0,0.0,0.0,0.0,0.0,0.0,0.0,0.0,0.0,0.0,0.0,0.0,1.0,0.0,0.0,0.0,0.0,1.0,0.0,100.0
7.058866213151927,0.0,0.0,0.0,0.0,0.0,0.0,0.0,1.0,0.0,0.0,0.0,0.0,0.0,0.0,0.0,0.0,0.0,0.0,0.0,1.0,0.0,0.0,0.0,0.0,1.0,0.0,100.0
7.082086167800454,0.0,0.0,0.0,0.0,0.0,0.0,0.0,1.0,0.0,0.0,0.0,0.0,0.0,0.0,0.0,0.0,0.0,0.0,0.0,1.0,0.0,0.0,0.0,0.0,1.0,0.0,100.0
7.1053061224489795,0.0,0.0,0.0,0.0,0.0,0.0,0.0,1.0,0.0,0.0,0.0,0.0,0.0,0.0,0.0,0.0,0.0,0.0,0.0,1.0,0.0,0.0,0.0,0.0,1.0,0.0,100.0
7.128526077097506,0.0,0.0,0.0,0.0,0.0,0.0,0.0,1.0,0.0,0.0,0.0,0.0,0.0,0.0,0.0,0.0,0.0,0.0,0.0,1.0,0.0,0.0,0.0,0.0,1.0,0.0,100.0
7.151746031746032,0.0,0.0,0.0,0.0,0.0,0.0,0.0,1.0,0.0,0.0,0.0,0.0,0.0,0.0,0.005608794745057821,0.0,0.0,0.0,0.1365174949169159,1.0,0.0,0.0,0.0,0.0,1.0,0.1365174949169159,97.26965010166168
7.174965986394557,0.0,0.0,0.0,0.0,0.0,0.0,0.0,1.0,0.0,0.0,0.0,0.0,0.0,0.0,0.9838162064552307,0.0,0.0,0.0,1.0,0.02282089926302433,0.0,0.0,0.0,0.0,0.0,1.0,0.0
7.198185941043084,0.0,0.0,1.0,0.0,0.0,0.0,1.0,0.0,0.0,0.0,0.0,0.0,0.0,0.0,0.9776467084884644,0.0,0.0,0.0,1.0,0.04451387748122215,0.0,0.0,0.0,0.0,1.0,0.04451387748122215,98.66265662014484
7.22140589569161,0.0,0.0,1.0,0.0,0.0,0.0,1.0,0.0,0.0,0.0,0.0,0.0,0.0,0.0,1.0,0.0,0.0,0.0,0.04252052679657936,0.0,0.0,0.0,0.0,0.0,0.5,0.0,50.85041053593159
7.244625850340136,0.0,0.0,1.0,0.0,0.0,0.0,1.0,0.0,0.0,0.0,0.0,0.0,0.0,0.0,0.9150069355964661,0.0,0.0,0.0,1.0,0.0,0.0,0.0,0.0,0.0,1.0,0.0,98.30013871192932
7.267845804988662,0.0,0.0,1.0,0.0,0.0,0.0,1.0,0.0,0.0,0.0,0.0,0.0,0.0,0.0,0.5733305215835571,0.0,0.0,0.0,1.0,0.0,0.0,0.0,0.0,0.0,1.0,0.0,91.46661043167114
7.291065759637188,0.0,0.0,0.0,0.0,0.0,0.0,1.0,0.0,0.0,0.0,0.0,0.0,0.0,0.0,0.2026101052761078,0.0,0.0,0.0,1.0,0.0,0.0,0.0,0.0,0.0,1.0,0.2026101052761078,95.94779789447784
7.314285714285714,0.0,0.0,0.0,0.0,0.0,0.0,1.0,0.0,0.0,0.0,0.0,0.0,0.0,0.0,0.02119549922645092,0.0,0.0,0.0,1.0,0.0,0.0,0.0,0.0,0.0,1.0,0.02119549922645092,99.57609001547098
7.337505668934241,0.0,0.0,0.0,0.0,0.0,0.0,1.0,0.0,0.0,0.0,0.0,0.0,0.0,0.0,0.0,0.0,0.0,0.0,1.0,0.0,0.0,0.0,0.0,0.0,1.0,0.0,100.0
7.360725623582766,0.0,0.0,0.0,0.0,0.0,0.0,1.0,0.0,0.0,0.0,0.0,0.0,0.0,0.0,0.0,0.0,0.0,0.0,1.0,0.0,0.0,0.0,0.0,0.0,1.0,0.0,100.0
7.383945578231293,0.0,0.0,0.0,0.0,0.0,0.0,1.0,0.0,0.0,0.0,0.0,0.0,0.0,0.0,0.0,0.0,0.0,0.0,1.0,0.0,0.0,0.0,0.0,0.0,1.0,0.0,100.0
7.4071655328798185,0.0,0.0,0.0,0.0,0.0,0.0,1.0,0.0,0.0,0.0,0.0,0.0,0.0,0.0,0.0,0.0,0.0,0.0,1.0,0.0,0.0,0.0,0.0,0.0,1.0,0.0,100.0
7.430385487528345,0.0,0.0,0.0,0.0,0.0,0.0,1.0,0.0,0.0,0.0,0.0,0.0,0.0,0.0,0.0,0.0,0.0,0.0,1.0,0.0,0.0,0.0,0.0,0.0,1.0,0.0,100.0
7.453605442176871,0.0,0.0,0.0,0.0,0.0,0.0,1.0,0.0,0.0,0.0,0.0,0.0,0.0,0.0,0.0,0.0,0.0,0.0,1.0,0.0,0.0,0.0,0.0,0.0,1.0,0.0,100.0
7.476825396825397,0.0,0.0,0.0,0.0,0.0,0.0,1.0,0.0,0.0,0.0,0.0,0.0,0.0,0.0,0.0,0.0,0.0,0.0,1.0,0.0,0.0,0.0,0.0,0.0,1.0,0.0,100.0
7.500045351473923,0.0,0.0,0.0,0.0,0.0,0.0,1.0,0.0,0.0,0.0,0.0,0.0,0.0,0.0,0.0,0.0,0.0,0.0,1.0,0.0,0.0,0.0,0.0,0.0,1.0,0.0,100.0
7.523265306122449,0.0,0.0,0.0,0.0,0.0,0.0,1.0,0.0,0.0,0.0,0.0,0.0,0.0,0.0,0.0,0.0,0.0,0.0,1.0,0.0,0.0,0.0,0.0,0.0,1.0,0.0,100.0
7.546485260770975,0.0,0.0,0.0,0.0,0.0,0.0,1.0,0.0,0.0,0.0,0.0,0.0,0.0,0.00001233470447914442,0.0,0.0,0.0,0.0,1.0,0.5326727032661438,0.0,0.0,0.0,0.5945464968681335,1.0,0.5945464968681335,88.10907006263733
7.569705215419501,0.0,0.0,0.0,0.0,0.0,0.0,1.0,0.0,0.0,0.0,0.0,0.0,0.0,0.0,0.0,0.0,0.0,0.0,0.000016830223103170283,0.5861803889274597,0.0,0.0,0.0,1.0,0.0,1.0,0.0
7.592925170068027,0.0,0.0,0.0,0.0,0.0,0.0,0.0,1.0,0.0,0.0,0.0,1.0,0.0,0.0,0.0,0.0,0.0,0.0,0.0,0.7098023295402527,0.0,0.0,0.0,1.0,1.0,0.0,94.19604659080505
7.616145124716553,0.0,0.0,0.0,0.0,0.0,0.0,0.0,1.0,0.0,0.0,0.0,1.0,0.0,0.0,0.0,0.0,0.0,0.0,0.0,0.5630921721458435,0.0,0.0,0.0,1.0,1.0,0.0,91.26184344291687
7.63936507936508,0.0,0.0,0.0,0.0,0.0,0.0,0.0,1.0,0.0,0.0,0.0,1.0,0.0,0.0,0.0,0.0,0.0,0.0,0.0,0.6875609159469604,0.0,0.0,0.0,1.0,1.0,0.0,93.75121831893921
7.662585034013605,0.0,0.0,0.0,0.0,0.0,0.0,0.0,1.0,0.0,0.0,0.0,1.0,0.0,0.0,0.0,0.0,0.0,0.0,0.0,1.0,0.0,0.0,0.0,0.04189605638384819,0.5,0.0,50.837921127676964
7.685804988662132,0.0,0.0,0.0,0.0,0.0,0.0,0.0,1.0,0.0,0.0,0.0,0.0,0.0,0.0,0.0,0.0,0.0,0.0,0.0,1.0,0.0,0.0,0.0,0.015592380426824093,1.0,0.015592380426824093,99.68815239146352
7.7090249433106575,0.0,0.0,0.0,0.0,0.0,0.0,0.0,1.0,0.0,0.0,0.0,0.0,0.0,0.0,0.0,0.0,0.0,0.0,0.0,1.0,0.0,0.0,0.0,0.0016850545071065426,1.0,0.0016850545071065426,99.96629890985787
7.732244897959184,0.0,0.0,0.0,0.0,0.0,0.0,0.0,1.0,0.0,0.0,0.0,0.0,0.0,0.0,0.0,0.0,0.0,0.0,0.0,1.0,0.0,0.0032120663672685623,0.0,0.0,1.0,0.0032120663672685623,99.93575867265463
7.75546485260771,0.0,0.0,0.0,0.0,0.0,0.0,0.0,1.0,0.0,0.0,0.0,0.0,0.0,0.0,0.0,0.0,0.0,0.0,0.0,1.0,0.0,0.4671844244003296,0.0,0.0,1.0,0.4671844244003296,90.65631151199341
7.778684807256236,0.0,0.0,0.0,0.0,0.0,0.0,0.0,1.0,0.0,0.0,0.0,0.0,0.0,0.0,0.0,0.0,0.0,0.0,0.0,0.19786487519741058,0.0,1.0,0.0,0.0,0.0,1.0,0.0
7.801904761904762,0.0,0.0,0.0,0.0,0.0,0.0,0.0,0.0,0.0,1.0,0.0,0.0,0.0,0.0,0.0,0.0,0.0,0.0,0.0,0.02045023813843727,0.0,1.0,0.0,0.0,1.0,0.02045023813843727,99.59099523723125
7.825124716553288,0.0,0.0,0.0,0.0,0.0,0.0,0.0,0.0,0.0,1.0,0.0,0.0,0.0,0.0,0.0,0.0,0.0,0.0,0.0,0.0014251054963096976,0.0,1.0,0.0,0.0,1.0,0.0014251054963096976,99.9714978900738
7.848344671201814,0.0,0.0,0.0,0.0,0.0,0.0,0.0,0.0,0.0,1.0,0.0,0.0,0.0,0.0,0.0,0.0,0.0,0.0,0.0,0.0,0.0,1.0,0.0,0.0,1.0,0.0,100.0
7.87156462585034,0.0,0.0,0.0,0.0,0.0,0.0,0.0,0.0,0.0,1.0,0.0,0.0,0.0,0.0,0.0,0.0,0.0,0.0,0.0,0.0,0.0,1.0,0.0,0.0,1.0,0.0,100.0
7.894784580498866,0.0,0.0,0.0,0.0,0.0,0.0,0.0,0.0,0.0,1.0,0.0,0.0,0.0,0.0,0.0,0.0,0.0,0.0,0.0,0.0,0.0,1.0,0.0,0.0,1.0,0.0,100.0
7.918004535147392,0.0,0.0,0.0,0.0,0.0,0.0,0.0,0.0,0.0,1.0,0.0,0.0,0.0,0.0,0.0,0.0,0.0,0.0,0.0,0.0,0.0,1.0,0.0,0.0,1.0,0.0,100.0
7.9412244897959186,0.0,0.0,0.0,0.0,0.0,0.0,0.0,0.0,0.0,1.0,0.0,0.0,0.0,0.0,0.0,0.0,0.0,0.0,0.0,0.061139050871133804,0.0,1.0,0.0,0.012693970464169979,1.0,0.061139050871133804,98.77721898257732
7.964444444444444,0.0,0.0,0.0,0.0,0.0,0.0,0.0,0.0,0.0,1.0,0.0,0.0,0.0,0.0,0.0,0.0,0.0,0.0,0.0,1.0,0.0,0.3607527017593384,0.0,0.014382478781044483,1.0,1.0,54.430108070373535
7.987664399092971,0.0,0.0,0.0,0.0,0.0,0.0,0.0,1.0,0.0,0.0,0.0,0.0,0.0,0.0,0.0,0.0,0.0,0.0,0.0,1.0,0.0,0.049228452146053314,0.0,0.018584005534648895,1.0,0.049228452146053314,99.01543095707893
8.010884353741497,0.0,0.0,0.0,0.0,0.0,0.0,0.0,1.0,0.0,0.0,0.0,1.0,0.0,0.0,0.0,0.0,0.0,0.0,0.0,1.0,0.0,0.004539172165095806,0.0,0.019803768023848534,0.5,0.004539172165095806,50.305291917175055
8.034104308390022,0.0,0.0,0.0,0.0,0.0,0.0,0.0,1.0,0.0,0.0,0.0,1.0,0.0,0.0,0.0,0.0,0.0,0.0,0.0,1.0,0.0,0.0,0.0,0.02072714827954769,0.5,0.0,50.414542965590954
8.057324263038549,0.0,0.0,0.0,0.0,0.0,0.0,0.0,1.0,0.0,0.0,0.0,1.0,0.0,0.0,0.0,0.0,0.0,0.0,0.0,1.0,0.0,0.0,0.0,0.02843266725540161,0.5,0.0,50.56865334510803
8.080544217687075,0.0,0.0,0.0,0.0,0.0,0.0,0.0,1.0,0.0,0.0,0.0,1.0,0.0,0.0,0.0,0.0,0.0,0.0,0.0,0.6601142287254333,0.0,0.0,0.0,1.0,1.0,0.0,93.20228457450867
8.103764172335602,0.0,0.0,0.0,0.0,0.0,0.0,0.0,0.0,0.0,0.0,0.0,1.0,0.0,0.0,0.0,0.0,0.0,0.0,0.0,0.09260295331478119,0.0,0.0,0.0,1.0,1.0,0.09260295331478119,98.14794093370438
8.126984126984127,0.0,0.0,0.0,0.0,0.0,0.0,0.0,0.0,0.0,0.0,0.0,1.0,0.0,0.0,0.0,0.0,0.0,0.0,0.0,0.005228153895586729,0.0,0.0,0.0,1.0,1.0,0.005228153895586729,99.89543692208827
8.150204081632653,0.0,0.0,0.0,0.0,0.0,0.0,0.0,0.0,0.0,0.0,0.0,1.0,0.0,0.0,0.0,0.0,0.0,0.0,0.0,0.18228594958782196,0.0,0.0,0.0,1.0,1.0,0.18228594958782196,96.35428100824356
8.17342403628118,0.0,0.0,0.0,0.0,0.0,0.0,0.0,0.0,0.0,0.0,0.0,1.0,0.0,0.0,0.0,0.0,0.0,0.0,0.0,1.0,0.0,0.0,0.0,0.013622667640447617,0.0,1.0,0.0
8.196643990929704,0.0,0.0,0.0,0.0,0.0,0.0,0.0,1.0,0.0,0.0,0.0,0.0,0.0,0.0,0.0,0.0,0.0,0.0,0.0,1.0,0.0,0.0,0.0,0.0024126670323312283,1.0,0.0024126670323312283,99.95174665935338
8.219863945578231,0.0,0.0,0.0,0.0,0.0,0.0,0.0,1.0,0.0,0.0,0.0,0.0,0.0,0.0,0.0,0.0,0.0,0.0,0.0,1.0,0.0,0.0,0.0,0.00017615909746382385,1.0,0.00017615909746382385,99.99647681805072
8.243083900226758,0.0,0.0,0.0,0.0,0.0,0.0,0.0,1.0,0.0,0.0,0.0,0.0,0.0,0.0,0.0,0.0,0.0,0.0,0.0,1.0,0.0,0.0,0.0,0.0,1.0,0.0,100.0
8.266303854875284,0.0,0.0,0.0,0.0,0.0,0.0,0.0,1.0,0.0,0.0,0.0,0.0,0.0,0.0,0.0,0.0,0.0,0.0,0.0,1.0,0.0,0.0,0.0,0.0,1.0,0.0,100.0
8.289523809523809,0.0,0.0,0.0,0.0,0.0,0.0,0.0,1.0,0.0,0.0,0.0,0.0,0.0,0.0,0.0,0.0,0.0,0.0,0.0,1.0,0.0,0.0,0.0,0.0,1.0,0.0,100.0
8.312743764172335,0.0,0.0,0.0,0.0,0.0,0.0,0.0,1.0,0.0,0.0,0.0,0.0,0.0,0.0,0.0,0.0,0.0,0.0,0.0,1.0,0.0,0.0,0.0,0.0,1.0,0.0,100.0
8.335963718820862,0.0,0.0,0.0,0.0,0.0,0.0,0.0,1.0,0.0,0.0,0.0,0.0,0.0,0.0,0.001040359027683735,0.0,0.0,0.0,0.0,1.0,0.0,0.0,0.0,0.0,1.0,0.001040359027683735,99.97919281944633
8.359183673469389,0.0,0.0,0.0,0.0,0.0,0.0,0.0,1.0,0.0,0.0,0.0,0.0,0.0,0.0,1.0,0.0,0.0,0.0,0.0,0.8412429094314575,0.0,0.0,0.0,0.007880429737269878,1.0,1.0,73.6497163772583
8.382403628117913,0.0,0.0,1.0,0.0,0.0,0.0,0.0,1.0,0.0,0.0,0.0,0.0,0.0,0.0,1.0,0.0,0.0,0.0,0.0,0.1426209956407547,0.0,0.0,0.0,0.5584986805915833,0.5,0.5584986805915833,41.68244630098343
8.40562358276644,0.0,0.0,1.0,0.0,0.0,0.0,0.0,0.0,0.0,0.0,0.0,1.0,0.0,0.0,0.939179539680481,0.0,0.0,0.0,0.0,0.017130667343735695,0.0,0.0,0.0,1.0,1.0,0.017130667343735695,98.4409774467349
8.428843537414966,0.0,0.0,1.0,0.0,0.0,0.0,0.0,0.0,0.0,0.0,0.0,1.0,0.3497229218482971,0.0,1.0,0.0,0.0,0.0,0.0,0.0,0.0,0.0,0.0,0.9264265298843384,1.0,0.3497229218482971,91.53407216072083
8.452063492063493,1.0,0.0,1.0,0.0,0.0,0.0,0.0,0.0,0.0,0.0,0.0,1.0,0.7700194716453552,0.0,1.0,0.0,0.0,0.0,0.0,0.0,0.0,0.0,0.0,0.4605349898338318,1.0,0.0,89.74072615305582
8.475283446712018,1.0,0.0,1.0,0.0,0.0,0.0,0.0,0.0,0.0,0.0,0.0,0.0,0.5835016369819641,0.0,1.0,0.0,0.0,0.0,0.0,5.732700174121419e-6,0.0,0.0,0.000934707757551223,0.19183410704135895,1.0,0.19183410704135895,87.8333505988121
8.498503401360544,1.0,0.0,1.0,0.0,0.0,0.0,0.0,0.0,0.0,0.0,0.0,0.0,0.2903432250022888,0.0,1.0,0.0,0.0,0.0,0.0,0.0,0.0,0.0,0.0,0.4272763133049011,1.0,0.4272763133049011,77.26133823394775
8.52172335600907,0.0,0.0,1.0,0.0,0.0,0.0,0.0,0.0,0.0,0.0,0.0,0.0,0.10521738231182098,0.0,0.8295623064041138,0.0,0.0,0.0,0.0,0.0,0.0,0.0,0.0,1.0,1.0,1.0,73.18249225616455
8.544943310657596,0.0,0.0,1.0,0.0,0.0,0.0,0.0,0.0,0.0,0.0,0.0,1.0,0.30365246534347534,0.0,0.9813181161880493,0.0,0.0,0.0,0.0,0.0,0.0,0.0,0.0,1.0,1.0,0.30365246534347534,93.55331301689148
8.568163265306122,0.0,0.0,1.0,0.0,0.0,0.0,0.0,0.0,0.0,0.0,0.0,1.0,0.9011110663414001,0.0,1.0,0.0,0.0,0.0,0.0,0.0,0.0,0.0,0.0,0.6639664173126221,1.0,0.9011110663414001,75.25710701942444
8.591383219954649,1.0,0.0,1.0,0.0,0.0,0.0,0.0,0.0,0.0,0.0,0.0,1.0,1.0,0.0,0.7481552958488464,0.0,0.0,0.0,0.0,0.0,0.0,0.0,0.0,0.26176899671554565,1.0,0.0,86.79899056752524
8.614603174603175,1.0,0.0,1.0,0.0,0.0,0.0,0.0,0.0,0.0,0.0,0.0,0.0,1.0,0.0,0.8860383033752441,0.0,0.0,0.0,0.0,0.0,0.0,0.0,0.0,0.03486506640911102,1.0,0.03486506640911102,97.02346473932266
8.6378231292517,1.0,0.0,1.0,0.0,0.0,0.0,0.0,0.0,0.0,0.0,0.0,0.0,0.5501548647880554,0.0,1.0,0.0,0.0,0.0,0.0,0.0,0.0,0.0,0.01293900702148676,0.06160089746117592,1.0,0.06160089746117592,89.77107934653759
8.661043083900227,0.0,0.0,1.0,0.0,0.0,0.0,0.0,0.0,0.0,0.0,0.0,0.0,0.0752660259604454,0.0,1.0,0.0,0.0,0.0,0.0,0.0,0.0,0.0,0.0,0.8219411373138428,1.0,0.8219411373138428,83.56117725372314
8.684263038548753,0.0,0.0,1.0,0.0,0.0,0.0,0.0,0.0,0.0,0.0,0.0,0.0,0.0019711258355528116,0.0,0.40328922867774963,0.0,0.0,0.0,0.0,0.0,0.0,0.0,0.0,1.0,1.0,1.0,56.131569147109985
8.70748299319728,0.0,0.0,1.0,0.0,0.0,0.0,0.0,0.0,0.0,0.0,0.0,1.0,0.0,0.0,0.3776779770851135,0.0,0.0,0.0,0.0,0.0,0.0,0.0,0.0,1.0,1.0,0.0,87.55355954170227
8.730702947845804,0.0,0.0,1.0,0.0,0.0,0.0,0.0,0.0,0.0,0.0,0.0,1.0,0.0,0.0,0.9159959554672241,0.0,0.0,0.0,0.0,0.0,0.0,0.0,0.0,1.0,1.0,0.0,98.31991910934448
8.753922902494331,0.0,0.0,1.0,0.0,0.0,0.0,0.0,0.0,0.0,0.0,0.0,0.0,0.0,0.0,1.0,0.0,0.0,0.0,0.0,0.0,0.0,0.0036550278309732676,0.0,0.10778124630451202,1.0,0.10778124630451202,97.84437507390976
8.777142857142858,0.0,0.0,1.0,0.0,0.0,0.0,0.0,0.0,0.0,0.0,0.0,0.0,0.0,0.0,1.0,0.0,0.0,0.0,0.0,0.0,0.0,0.014263419434428215,0.0,0.005677368026226759,1.0,0.014263419434428215,99.71473161131144
8.800362811791382,0.0,0.0,1.0,0.0,0.0,0.0,0.0,0.0,0.0,1.0,0.0,0.0,0.0,0.0,1.0,0.0,0.0,0.0,0.0,0.0,0.0,0.019385414198040962,0.0,0.0,0.5,0.0,50.38770828396082
8.823582766439909,0.0,0.0,1.0,0.0,0.0,0.0,0.0,0.0,0.0,1.0,0.0,0.0,0.0,0.0,1.0,0.0,0.0,0.0,0.0,0.0,0.0,0.017020123079419136,0.0,0.0,0.5,0.0,50.34040246158838
8.846802721088435,0.0,0.0,1.0,0.0,0.0,0.0,0.0,0.0,0.0,1.0,0.0,0.0,0.0,0.0,1.0,0.0,0.0,0.0,0.0,0.0,0.0,0.015958674252033234,0.0,0.0,0.5,0.0,50.319173485040665
8.870022675736962,0.0,0.0,1.0,0.0,0.0,0.0,0.0,0.0,0.0,1.0,0.0,0.0,0.0,0.0,1.0,0.0,0.0,0.0,0.0,0.0,0.0,0.015894293785095215,0.0,0.0,0.5,0.0,50.317885875701904
8.893242630385487,0.0,0.0,1.0,0.0,0.0,0.0,0.0,0.0,0.0,1.0,0.0,0.0,0.0,0.0,1.0,0.0,0.0,0.0,0.0,0.0,0.0,0.015933457762002945,0.0,0.0,0.5,0.0,50.31866915524006
8.916462585034013,0.0,0.0,1.0,0.0,0.0,0.0,0.0,0.0,0.0,1.0,0.0,0.0,0.0,0.0,1.0,0.0,0.0,0.0,0.0,0.0,0.0,0.016041116788983345,0.0,0.0,0.5,0.0,50.32082233577967
8.93968253968254,0.0,0.0,1.0,0.0,0.0,0.0,0.0,0.0,0.0,1.0,0.0,0.0,0.00497670192271471,0.0,1.0,0.0,0.0,0.0,0.0,0.0,0.0,0.01450902409851551,0.0,0.0,0.5,0.00497670192271471,50.190646443516016
8.962902494331066,0.0,0.0,1.0,0.0,0.0,0.0,0.0,0.0,0.0,1.0,0.0,0.0,0.831010639667511,0.0,1.0,0.0,0.0,0.0,0.0,0.0,0.0,0.042779985815286636,0.0,0.0,0.5,0.831010639667511,34.23538692295551
8.986122448979591,0.0,0.0,0.0,0.0,0.0,0.0,0.0,0.0,0.0,1.0,0.0,0.0,1.0,0.0,0.21715834736824036,0.0,0.0,0.0,0.0,0.0,0.0,0.37353700399398804,0.0,0.0,1.0,1.0,54.94148015975952
9.009342403628118,1.0,0.0,0.0,0.0,0.0,0.0,0.0,0.0,0.0,1.0,0.0,0.0,1.0,0.0,0.020890794694423676,0.0,0.0,0.0,0.0,0.0,0.0,0.341732382774353,0.0,0.0,1.0,0.020890794694423676,86.41683176159859
9.032562358276644,1.0,0.0,0.0,0.0,0.0,0.0,0.0,0.0,0.0,1.0,0.0,0.0,1.0,0.0,0.0,0.0,0.0,0.0,0.0,0.0,0.0,0.3490679860115051,0.0,0.0,1.0,0.0,86.9813597202301
9.05578231292517,1.0,0.0,0.0,0.0,0.0,0.0,0.0,0.0,0.0,1.0,0.0,0.0,1.0,0.0,0.0,0.0,0.0,0.0,0.0,0.0,0.0,0.35032325983047485,0.0,0.0,1.0,0.0,87.0064651966095
9.079002267573696,1.0,0.0,0.0,0.0,0.0,0.0,0.0,0.0,0.0,1.0,0.0,0.0,1.0,0.0,0.0,0.0,0.0,0.0,0.0,0.0,0.0,0.3504332900047302,0.0,0.0,1.0,0.0,87.0086658000946
9.102222222222222,1.0,0.0,0.0,0.0,0.0,0.0,0.0,0.0,0.0,1.0,0.0,0.0,1.0,0.0,0.0,0.0,0.0,0.0,0.0,0.0,0.0,0.35050588846206665,0.0,0.0,1.0,0.0,87.01011776924133
9.125442176870749,1.0,0.0,0.0,0.0,0.0,0.0,0.0,0.0,0.0,1.0,0.0,0.0,1.0,0.0,0.0,0.0,0.0,0.0,0.0,0.0,0.0,0.39799433946609497,0.0,0.0,1.0,0.0,87.9598867893219
9.148662131519274,1.0,0.0,0.0,0.0,0.0,0.0,0.0,0.0,0.0,1.0,0.0,0.0,1.0,0.0,0.0,0.0,0.0,0.0,0.0,0.000011067319064750336,0.0,0.5527164936065674,0.1321372091770172,0.0,1.0,0.1321372091770172,88.411585688591
9.1718820861678,1.0,0.0,0.0,0.0,0.0,0.0,0.0,0.0,0.0,1.0,0.0,0.0,1.0,0.0,0.0,0.0,0.0,0.0,0.0,0.0,0.0,0.2557041347026825,0.0,0.00866626389324665,1.0,0.00866626389324665,84.94075741618872
9.195102040816327,0.0,0.0,0.0,0.0,0.0,0.0,0.0,0.0,0.0,1.0,0.0,1.0,0.0,0.0,0.0,0.0,0.0,0.0,0.0,0.0,0.0,0.09444388747215271,0.0,1.0,0.5,0.0,51.888877749443054
9.218321995464853,0.0,0.0,0.0,0.0,0.0,0.0,0.0,0.0,0.0,1.0,0.0,1.0,0.0,0.0,0.0,0.0,0.0,0.0,0.0,0.0,0.0,0.12331131100654602,0.0,1.0,0.5,0.0,52.46622622013092
9.241541950113378,0.0,0.0,0.0,0.0,0.0,0.0,0.0,0.0,0.0,1.0,0.0,1.0,0.0,0.0,0.0,0.0,0.0,0.0,0.0,0.0,0.0,0.13138675689697266,0.0,1.0,0.5,0.0,52.62773513793945
9.264761904761905,0.0,0.0,0.0,0.0,0.0,0.0,0.0,0.0,0.0,1.0,0.0,1.0,0.0,0.0,0.0,0.0,0.0,0.0,0.0,0.0,0.0,0.12478797137737274,0.0,1.0,0.5,0.0,52.495759427547455
9.287981859410431,0.0,0.0,0.0,0.0,0.0,0.0,0.0,0.0,0.0,1.0,0.0,1.0,0.0,0.0,0.0,0.0,0.0,0.0,0.0,0.0,0.0,0.12420731037855148,0.0,1.0,0.5,0.0,52.48414620757103
9.311201814058958,0.0,0.0,0.0,0.0,0.0,0.0,0.0,0.0,0.0,1.0,0.0,1.0,0.0,0.0,0.0,0.0,0.0,0.0,0.0,0.0,0.0,0.12441512942314148,0.0,1.0,0.5,0.0,52.48830258846283
9.334421768707482,0.0,0.0,0.0,0.0,0.0,0.0,0.0,0.0,0.0,1.0,0.0,1.0,0.0,0.0,0.0,0.0,0.0,0.0,0.0,0.0,0.0,0.12259433418512344,0.0,1.0,0.5,0.0,52.45188668370247
9.357641723356009,0.0,0.0,0.0,0.0,0.0,0.0,0.0,0.0,0.0,1.0,0.0,1.0,0.0,0.0,0.0,0.0,0.0,0.0,0.0,0.0,0.0,1.0,0.0,0.7960392832756042,1.0,0.0,95.92078566551208
9.380861678004536,0.0,0.0,0.0,0.0,0.0,0.0,0.0,0.0,0.0,1.0,0.0,1.0,0.0,0.0,0.0,0.0,0.0,0.0,0.0,0.0,0.0,1.0,0.0,0.17286287248134613,0.5,0.0,53.45725744962692
9.404081632653062,0.0,0.0,0.0,0.0,0.0,0.0,0.0,0.0,0.0,1.0,0.0,0.0,0.0,0.0,0.0,0.0,0.0,0.0,0.0,0.0,0.0,1.0,0.0,0.015473702922463417,1.0,0.015473702922463417,99.69052594155073
9.427301587301587,0.0,0.0,0.0,0.0,0.0,0.0,0.0,0.0,0.0,1.0,0.0,0.0,0.0,0.0,0.0,0.0,0.0,0.0,0.0,0.0,0.0,1.0,0.0,0.0,1.0,0.0,100.0
9.450521541950113,0.0,0.0,0.0,0.0,0.0,0.0,0.0,0.0,0.0,1.0,0.0,0.0,0.0,0.0,0.0,0.0,0.0,0.0,0.0,0.0,0.0,1.0,0.0,0.0,1.0,0.0,100.0
9.47374149659864,0.0,0.0,0.0,0.0,0.0,0.0,0.0,0.0,0.0,1.0,0.0,0.0,0.0,0.0,0.0,0.0,0.0,0.0,0.0,0.0,0.0,1.0,0.0,0.0,1.0,0.0,100.0
9.496961451247165,0.0,0.0,0.0,0.0,0.0,0.0,0.0,0.0,0.0,1.0,0.0,0.0,0.0,0.0,0.0,0.0,0.0,0.0,0.0,0.0,0.0,1.0,0.0,0.0,1.0,0.0,100.0
9.520181405895691,0.0,0.0,0.0,0.0,0.0,0.0,0.0,0.0,0.0,1.0,0.0,0.0,0.0,0.0,0.0,0.0,0.0,0.0,0.0,0.0,0.0,1.0,0.0,0.0,1.0,0.0,100.0
9.543401360544218,0.0,0.0,0.0,0.0,0.0,0.0,0.0,0.0,0.0,1.0,0.0,0.0,0.0,0.0,0.019220981746912003,0.0,0.0,0.0,0.0,0.0,0.0,1.0,0.0,0.0,1.0,0.019220981746912003,99.61558036506176
9.566621315192744,0.0,0.0,0.0,0.0,0.0,0.0,0.0,0.0,0.0,1.0,0.0,0.0,0.0,0.0,0.3876679837703705,0.0,0.0,0.0,0.0,0.0,0.0,0.48410022258758545,0.0,1.0,1.0,1.0,59.36400890350342
9.58984126984127,0.0,0.0,1.0,0.0,0.0,0.0,0.0,0.0,0.0,0.0,0.0,1.0,0.0,0.0,0.3603487014770508,0.0,0.0,0.0,0.0,0.0,0.0,0.000021921621737419628,0.0,1.0,1.0,0.000021921621737419628,87.20653559710627
9.613061224489796,0.0,0.0,1.0,0.0,0.0,0.0,0.0,0.0,0.0,0.0,0.0,1.0,0.0,0.0,0.3464227616786957,0.0,0.0,0.0,0.0,0.0,0.0,0.00028385804034769535,0.0,1.0,1.0,0.00028385804034769535,86.92277807276696
9.636281179138322,0.0,0.0,1.0,0.0,0.0,0.0,0.0,0.0,0.0,0.0,0.0,1.0,0.0,0.0,0.3392258584499359,0.0,0.0,0.0,0.0,0.0,0.0,0.0,0.0,1.0,1.0,0.0,86.78451716899872
9.659501133786849,0.0,0.0,1.0,0.0,0.0,0.0,0.0,0.0,0.0,0.0,0.0,1.0,0.0,0.0,0.3451116979122162,0.0,0.0,0.0,0.0,0.0,0.0,0.0,0.0,1.0,1.0,0.0,86.90223395824432
9.682721088435374,0.0,0.0,1.0,0.0,0.0,0.0,0.0,0.0,0.0,0.0,0.0,1.0,0.0,0.0,0.3460814654827118,0.0,0.0,0.0,0.0,0.0,0.0,0.0,0.0,1.0,1.0,0.0,86.92162930965424
9.7059410430839,0.0,0.0,1.0,0.0,0.0,0.0,0.0,0.0,0.0,0.0,0.0,1.0,0.0,0.0,0.3457932472229004,0.0,0.0,0.0,0.0,0.0,0.0,0.0,0.0,1.0,1.0,0.0,86.91586494445801
9.729160997732427,0.0,0.0,1.0,0.0,0.0,0.0,0.0,0.0,0.0,0.0,0.0,1.0,0.0,0.0,0.3454868793487549,0.0,0.0,0.0,0.0,0.0,0.0,0.0,0.0,1.0,1.0,0.0,86.9097375869751
9.752380952380953,0.0,0.0,1.0,0.0,0.0,0.0,0.0,0.0,0.0,0.0,0.0,1.0,0.0,0.0,0.3454691767692566,0.0,0.0,0.0,0.0,0.0,0.0,0.0,0.0,1.0,1.0,0.0,86.90938353538513
9.775600907029478,0.0,0.0,1.0,0.0,0.0,0.0,0.0,0.0,0.0,0.0,0.0,1.0,0.0,0.0,0.3457769751548767,0.0,0.0,0.0,0.0,0.0,0.0,0.0,0.0,1.0,1.0,0.0,86.91553950309753
9.798820861678005,0.0,0.0,1.0,0.0,0.0,0.0,0.0,0.0,0.0,0.0,0.0,1.0,0.0,0.0,0.34608373045921326,0.0,0.0,0.0,0.0,0.0,0.0,0.0,0.0,1.0,1.0,0.0,86.92167460918427
9.822040816326531,0.0,0.0,1.0,0.0,0.0,0.0,0.0,0.0,0.0,0.0,0.0,1.0,0.0,0.0,0.34608808159828186,0.0,0.0,0.0,0.0,0.0,0.0,0.0,0.0,1.0,1.0,0.0,86.92176163196564
9.845260770975056,0.0,0.0,1.0,0.0,0.0,0.0,0.0,0.0,0.0,0.0,0.0,1.0,0.0,0.0,0.3457637429237366,0.0,0.0,0.0,0.0,0.0,0.0,0.0,0.0,1.0,1.0,0.0,86.91527485847473
9.868480725623582,0.0,0.0,1.0,0.0,0.0,0.0,0.0,0.0,0.0,0.0,0.0,1.0,0.0,0.0,0.3454485237598419,0.0,0.0,0.0,0.0,0.0,0.0,0.0,0.0,1.0,1.0,0.0,86.90897047519684
9.891700680272109,0.0,0.0,1.0,0.0,0.0,0.0,0.0,0.0,0.0,0.0,0.0,1.0,0.0,0.0,0.34547093510627747,0.0,0.0,0.0,0.0,0.0,0.0,0.0,0.0,1.0,1.0,0.0,86.90941870212555
9.914920634920636,0.0,0.0,1.0,0.0,0.0,0.0,0.0,0.0,0.0,0.0,0.0,1.0,0.0,0.0,0.345794141292572,0.0,0.0,0.0,0.0,0.0,0.0,0.0,0.0,1.0,1.0,0.0,86.91588282585144
9.93814058956916,0.0,0.0,1.0,0.0,0.0,0.0,0.0,0.0,0.0,0.0,0.0,1.0,0.0,0.0,0.3293103575706482,0.0,0.0,0.0,0.0,0.004377592355012894,0.0,0.0,0.0,1.0,1.0,0.004377592355012894,86.4986553043127
9.961360544217687,0.0,0.0,1.0,0.0,0.0,0.0,0.0,0.0,0.0,0.0,0.0,1.0,0.0,0.0,0.010280580259859562,0.0,0.0,0.0,0.0,0.5704210996627808,0.0,0.0,0.0,1.0,0.5,0.5704210996627808,38.797189611941576
9.984580498866213,0.0,0.0,1.0,0.0,0.0,0.0,0.0,0.0,0.0,0.0,0.0,1.0,0.0,0.0,0.0017209924990311265,0.0,0.0,0.0,0.0,1.0,0.0,0.0,0.0,0.01655910164117813,0.0,1.0,0.0
10.00780045351474,0.0,0.0,0.0,0.0,0.0,0.0,0.0,1.0,0.0,0.0,0.0,1.0,0.0,0.0,0.00017952316557057202,0.0,0.0,0.0,0.0,1.0,0.0,0.0,0.0,0.013092859648168087,0.5,0.00017952316557057202,50.25826672965195
10.031020408163265,0.0,0.0,0.0,0.0,0.0,0.0,0.0,1.0,0.0,0.0,0.0,1.0,0.0,0.0,0.0,0.0,0.0,0.0,0.0,1.0,0.0,0.0,0.0,0.013091846369206905,0.5,0.0,50.26183692738414
10.054240362811791,0.0,0.0,0.0,0.0,0.0,0.0,0.0,1.0,0.0,0.0,0.0,1.0,0.0,0.0,0.0,0.0,0.0,0.0,0.0,1.0,0.0,0.0,0.0,0.013089249841868877,0.5,0.0,50.26178499683738
10.077460317460318,0.0,0.0,0.0,0.0,0.0,0.0,0.0,1.0,0.0,0.0,0.0,1.0,0.0,0.0,0.0,0.0,0.0,0.0,0.0,1.0,0.0,0.0,0.0,0.013084049336612225,0.5,0.0,50.261680986732244
10.100680272108843,0.0,0.0,0.0,0.0,0.0,0.0,0.0,1.0,0.0,0.0,0.0,1.0,0.0,0.0,0.0,0.0,0.0,0.0,0.0,1.0,0.0,0.0,0.0,0.013100158423185349,0.5,0.0,50.26200316846371
10.12390022675737,0.0,0.0,0.0,0.0,0.0,0.0,0.0,1.0,0.0,0.0,0.0,1.0,0.0,0.0,0.0,0.0,0.0,0.0,0.0,1.0,0.0,0.0,0.0,0.013746342621743679,0.5,0.0,50.274926852434874
10.147120181405896,0.0,0.0,0.0,0.0,0.0,0.0,0.0,1.0,0.0,0.0,0.0,1.0,0.0,0.0,0.0,0.0,0.0,0.0,0.0,1.0,0.0,0.13396629691123962,0.0,0.015570037066936493,0.5,0.13396629691123962,47.63207480311394
10.170340136054422,0.0,0.0,0.0,0.0,0.0,0.0,0.0,1.0,0.0,0.0,0.0,1.0,0.0,0.0,0.0,0.0,0.0,0.0,0.0,0.4536660611629486,0.0,1.0,0.0,0.010809523984789848,0.5,1.0,19.28951170295477
10.193560090702947,0.0,0.0,0.0,0.0,0.0,0.0,0.0,0.0,0.0,1.0,0.0,1.0,0.0,0.0,0.0,0.0,0.0,0.0,0.0,0.09580555558204651,0.0,1.0,0.0,0.12973344326019287,0.5,0.09580555558204651,50.67855775356293
10.216780045351474,0.0,0.0,0.0,0.0,0.0,0.0,0.0,0.0,0.0,1.0,0.0,1.0,0.0,0.0,0.0,0.0,0.0,0.0,0.0,0.01009980496019125,0.0,1.0,0.0,0.12836143374443054,0.5,0.01009980496019125,52.365232575684786
10.24,0.0,0.0,0.0,0.0,0.0,0.0,0.0,0.0,0.0,1.0,0.0,1.0,0.0,0.0,0.0,0.0,0.0,0.0,0.0,0.0,0.0,1.0,0.0,0.12764032185077667,0.5,0.0,52.55280643701553
10.263219954648527,0.0,0.0,0.0,0.0,0.0,0.0,0.0,0.0,0.0,1.0,0.0,1.0,0.0,0.0,0.0,0.0,0.0,0.0,0.0,0.0,0.0,1.0,0.0,0.12871652841567993,0.5,0.0,52.5743305683136
10.286439909297052,0.0,0.0,0.0,0.0,0.0,0.0,0.0,0.0,0.0,1.0,0.0,1.0,0.0,0.0,0.0,0.0,0.0,0.0,0.0,0.0,0.0,1.0,0.0,0.12965969741344452,0.5,0.0,52.59319394826889
10.309659863945578,0.0,0.0,0.0,0.0,0.0,0.0,0.0,0.0,0.0,1.0,0.0,1.0,0.0,0.0,0.0,0.0,0.0,0.0,0.0,0.0,0.0,1.0,0.0,0.13044172525405884,0.5,0.0,52.60883450508118
10.332879818594105,0.0,0.0,0.0,0.0,0.0,0.0,0.0,0.0,0.0,1.0,0.0,1.0,0.0,0.0,0.0,0.0,0.0,0.0,0.0,0.0,0.0,1.0,0.0,0.12284490466117859,0.5,0.0,52.45689809322357
10.356099773242631,0.0,0.0,0.0,0.0,0.0,0.0,0.0,0.0,0.0,1.0,0.0,1.0,0.0,0.0,0.0,0.0,1.3564779237640323e-6,0.0,0.0,0.0,0.0,1.0,0.0,0.054006628692150116,0.5,1.3564779237640323e-6,51.08010544428453
10.379319727891156,0.0,0.0,0.0,0.0,0.0,0.0,0.0,0.0,0.0,1.0,0.0,1.0,0.0,0.0,0.0,0.0,0.0,0.0,0.0,0.0,0.0,1.0,0.0,0.34084874391555786,1.0,0.0,86.81697487831116
10.402539682539683,0.0,0.0,0.0,0.0,0.0,0.0,0.0,0.0,0.0,1.0,0.0,1.0,0.0,0.0,0.0,0.0,0.0,0.0,0.0,0.0,0.0,1.0,0.0,0.662007749080658,1.0,0.0,93.24015498161316
10.425759637188209,0.0,0.0,0.0,0.0,0.0,0.0,0.0,0.0,0.0,1.0,0.0,1.0,0.0,0.0,0.0,0.0,0.0,0.0,0.0,0.0,0.0,1.0,0.0,0.7483497858047485,1.0,0.0,94.96699571609497
10.448979591836734,0.0,0.0,0.0,0.0,0.0,0.0,0.0,0.0,0.0,1.0,0.0,1.0,0.0,0.0,0.0,0.0,0.0,0.0,0.0,0.0,0.0,1.0,0.0,0.6445521712303162,1.0,0.0,92.89104342460632
10.47219954648526,0.0,0.0,0.0,0.0,0.0,0.0,0.0,0.0,0.0,1.0,0.0,1.0,0.0,0.0,0.0,0.0,0.0,0.0,0.0,0.0,0.0,1.0,0.0,0.6363527178764343,1.0,0.0,92.72705435752869
10.495419501133787,0.0,0.0,0.0,0.0,0.0,0.0,0.0,0.0,0.0,1.0,0.0,1.0,0.0,0.0,0.0,0.0,0.0,0.0,0.0,0.0,0.0,1.0,0.0,0.6377975940704346,1.0,0.0,92.75595188140869
10.518639455782314,0.0,0.0,0.0,0.0,0.0,0.0,0.0,0.0,0.0,1.0,0.0,1.0,0.0,0.0,0.0,0.0,0.0,0.0,0.0,0.0,0.0,1.0,0.0,0.63486248254776,1.0,0.0,92.6972496509552
10.541859410430838,0.0,0.0,0.0,0.0,0.0,0.0,0.0,0.0,0.0,1.0,0.0,1.0,0.00433461694046855,0.0,0.0,0.0,0.0,0.0,0.0,0.0,0.0,1.0,0.0,0.46994227170944214,1.0,0.00433461694046855,89.31215309537947
10.565079365079365,0.0,0.0,0.0,0.0,0.0,0.0,0.0,0.0,0.0,1.0,0.0,1.0,0.2801252007484436,0.0,0.0,0.0,0.000010242162716167513,0.0,0.0,0.0,0.0,1.0,0.0,0.3442860543727875,1.0,0.2801252007484436,81.28321707248688
10.588299319727891,0.0,0.0,0.0,0.0,0.0,0.0,0.0,0.0,0.0,1.0,0.0,1.0,0.9751985669136047,0.0,0.0,0.0,0.0,0.0,0.0,0.0,0.0,1.0,0.0,0.18258033692836761,0.5,0.9751985669136047,34.14763540029526
10.611519274376418,1.0,0.0,0.0,0.0,0.0,0.0,0.0,0.0,0.0,1.0,0.0,0.0,1.0,0.0,0.0,0.0,0.0,0.0,0.0,0.0,0.0,0.8927727341651917,0.0,0.019432226195931435,1.0,0.019432226195931435,97.4668101593852
10.634739229024943,1.0,0.0,0.0,0.0,0.0,0.0,0.0,0.0,0.0,1.0,0.0,0.0,1.0,0.0,0.0,0.0,0.0,0.0,0.0,0.0,0.0,0.9043797850608826,0.0,0.0,1.0,0.0,98.08759570121765
10.65795918367347,1.0,0.0,0.0,0.0,0.0,0.0,0.0,0.0,0.0,1.0,0.0,0.0,1.0,0.0,0.0,0.0,0.0,0.0,0.0,0.0,0.0,0.9023856520652771,0.0,0.0,1.0,0.0,98.04771304130554
10.681179138321996,1.0,0.0,0.0,0.0,0.0,0.0,0.0,0.0,0.0,1.0,0.0,0.0,1.0,0.0,0.0,0.0,0.0,0.0,0.0,0.0,0.0,0.906853973865509,0.0,0.0,1.0,0.0,98.13707947731018
10.704399092970522,1.0,0.0,0.0,0.0,0.0,0.0,0.0,0.0,0.0,1.0,0.0,0.0,1.0,0.0,0.0,0.0,0.0,0.0,0.0,0.0,0.0,0.9064015746116638,0.0,0.0,1.0,0.0,98.12803149223328
10.727619047619047,1.0,0.0,0.0,0.0,0.0,0.0,0.0,0.0,0.0,1.0,0.0,0.0,0.8914263844490051,0.0,0.0,0.0,0.0,0.0,0.0,0.0,0.0,1.0,0.0,0.0,1.0,0.0,97.8285276889801
10.750839002267574,1.0,0.0,0.0,0.0,0.0,0.0,0.0,0.0,0.0,1.0,0.0,0.0,1.0,0.0,0.09651114046573639,0.0,0.0,0.0,0.0,0.0003053309628739953,0.699268102645874,0.005247278604656458,0.0,0.0,0.5,0.699268102645874,36.11958351917565
10.7740589569161,1.0,0.0,0.0,0.0,0.0,0.0,0.0,0.0,0.0,1.0,0.0,0.0,0.11600923538208008,0.0,0.009538447484374046,0.0,0.0,0.0,0.0,1.0,0.0,0.03796932473778725,0.0,0.0,0.0,1.0,0.0
10.797278911564625,0.0,0.0,1.0,0.0,0.0,0.0,0.0,1.0,0.0,0.0,0.0,0.0,0.02711191214621067,0.0,0.013742896728217602,0.0,0.0,0.0,0.0,1.0,0.0,0.0,0.0,0.0,0.5,0.02711191214621067,49.73261969164014
10.820498866213152,0.0,0.0,1.0,0.0,0.0,0.0,0.0,1.0,0.0,0.0,0.0,0.0,0.0023300261236727238,0.0,0.01424555853009224,0.0,0.0,0.0,0.0,1.0,0.0,0.0,0.0,0.0,0.5,0.0023300261236727238,50.23831064812839
10.843718820861678,0.0,0.0,1.0,0.0,0.0,0.0,0.0,1.0,0.0,0.0,0.0,0.0,0.0,0.0,0.014307597652077675,0.0,0.0,0.0,0.0,1.0,0.0,0.0,0.0,0.0,0.5,0.0,50.28615195304155
10.866938775510205,0.0,0.0,1.0,0.0,0.0,0.0,0.0,1.0,0.0,0.0,0.0,0.0,0.0,0.0,0.014194652438163757,0.0,0.0,0.0,0.0,1.0,0.0,0.0,0.0,0.0,0.5,0.0,50.283893048763275
10.89015873015873,0.0,0.0,1.0,0.0,0.0,0.0,0.0,1.0,0.0,0.0,0.0,0.0,0.0,0.0,0.014237068593502045,0.0,0.0,0.0,0.0,1.0,0.0,0.0,0.0,0.0,0.5,0.0,50.28474137187004
10.913378684807256,0.0,0.0,1.0,0.0,0.0,0.0,0.0,1.0,0.0,0.0,0.0,0.0,0.0,0.0,0.014275318011641502,0.0,0.0,0.0,0.0,1.0,0.0,0.0,0.0,0.0,0.5,0.0,50.28550636023283
10.936598639455783,0.0,0.0,1.0,0.0,0.0,0.0,0.0,1.0,0.0,0.0,0.0,0.0,0.0,0.0,0.014298965223133564,0.0,0.0,0.0,0.0,1.0,0.0,0.0,0.0,0.0,0.5,0.0,50.28597930446267
10.95981859410431,0.0,0.0,1.0,0.0,0.0,0.0,0.0,1.0,0.0,0.0,0.0,0.0,0.0,0.0,0.014305729418992996,0.0,0.0,0.0,0.0,1.0,0.0,0.0,0.0,0.0,0.5,0.0,50.28611458837986
10.983038548752834,0.0,0.0,1.0,0.0,0.0,0.0,0.0,1.0,0.0,0.0,0.0,0.0,0.0,0.0,0.014296505600214005,0.0,0.0,0.0,0.0,1.0,0.0,0.0,0.0,0.0,0.5,0.0,50.28593011200428
11.00625850340136,0.0,0.0,1.0,0.0,0.0,0.0,0.0,1.0,0.0,0.0,0.0,0.0,0.0,0.0,0.014271839521825314,0.0,0.0,0.0,0.0,1.0,0.0,0.0,0.0,0.0,0.5,0.0,50.285436790436506
11.029478458049887,0.0,0.0,1.0,0.0,0.0,0.0,0.0,1.0,0.0,0.0,0.0,0.0,0.0,0.0,0.014230095781385899,0.0,0.0,0.0,0.0,1.0,0.0,0.0,0.0,0.0,0.5,0.0,50.28460191562772
11.052698412698414,0.0,0.0,1.0,0.0,0.0,0.0,0.0,1.0,0.0,0.0,0.0,0.0,0.0,0.0,0.01417457778006792,0.0,0.0,0.0,0.0,1.0,0.0,0.0,0.0,0.0,0.5,0.0,50.28349155560136
11.075918367346938,0.0,0.0,1.0,0.0,0.0,0.0,0.0,1.0,0.0,0.0,0.0,0.0,0.0,0.0,0.014102410525083542,0.0,0.0,0.0,0.0,1.0,0.0,0.0,0.0,0.0,0.5,0.0,50.28204821050167
11.099138321995465,0.0,0.0,1.0,0.0,0.0,0.0,0.0,1.0,0.0,0.0,0.0,0.0,0.0,0.0,0.014017604291439056,0.0,0.0,0.0,0.0,1.0,0.0,0.0,0.0,0.0,0.5,0.0,50.28035208582878
11.122358276643991,0.0,0.0,1.0,0.0,0.0,0.0,0.0,1.0,0.0,0.0,0.0,0.0,0.0,0.0,0.014733914285898209,0.0,0.0,0.0,0.0,1.0,0.0,0.0,0.0,0.0,0.5,0.0,50.294678285717964
11.145578231292516,0.0,0.0,1.0,0.0,0.0,0.0,0.0,1.0,0.0,0.0,0.0,0.0,0.0,0.0,0.009987348690629005,0.0,0.0,0.0,0.011310745030641556,1.0,0.0,0.0,0.0,0.005913618486374617,0.5,0.011310745030641556,49.97353207319975
11.168798185941043,0.0,0.0,1.0,0.0,0.0,0.0,0.0,1.0,0.0,0.0,0.0,0.0,0.0,0.0,0.003067547921091318,0.0,0.0,0.0,0.0,1.0,0.0,0.0,0.0,0.030602633953094482,0.5,0.030602633953094482,49.44929827935994
11.19201814058957,0.0,0.0,1.0,0.0,0.0,0.0,0.0,0.0,0.0,0.0,0.0,1.0,0.0,0.0,0.0008889467571862042,0.0,0.0,0.0,0.0,1.0,0.0,0.0,0.0,0.040793437510728836,0.0,1.0,0.0
11.215238095238096,0.0,0.0,0.0,0.0,0.0,0.0,0.0,1.0,0.0,0.0,0.0,1.0,0.0,0.0,0.00020619372662622482,0.0,0.0,0.0,0.0,0.8166201710700989,0.0,0.0,0.0,1.0,1.0,0.00020619372662622482,96.32827954686945
11.23845804988662,0.0,0.0,0.0,0.0,0.0,0.0,0.0,1.0,0.0,0.0,0.0,1.0,0.0,0.0,0.0,0.0,0.0,0.0,0.0,0.6383126378059387,0.0,0.0,0.0,1.0,1.0,0.0,92.76625275611877
11.261678004535147,0.0,0.0,0.0,0.0,0.0,0.0,0.0,1.0,0.0,0.0,0.0,1.0,0.0,0.0,0.0,0.0,0.0,0.0,0.0,0.6411668658256531,0.0,0.0,0.0,1.0,1.0,0.0,92.82333731651306
11.284897959183674,0.0,0.0,0.0,0.0,0.0,0.0,0.0,1.0,0.0,0.0,0.0,1.0,0.0,0.0,0.0,0.0,0.0,0.0,0.0,0.6411447525024414,0.0,0.0,0.0,1.0,1.0,0.0,92.82289505004883
11.3081179138322,0.0,0.0,0.0,0.0,0.0,0.0,0.0,1.0,0.0,0.0,0.0,1.0,0.0,0.0,0.0,0.0,0.0,0.0,0.0,0.6412806510925293,0.0,0.0,0.0,1.0,1.0,0.0,92.82561302185059
11.331337868480725,0.0,0.0,0.0,0.0,0.0,0.0,0.0,1.0,0.0,0.0,0.0,1.0,0.0,0.0,0.0,0.0,0.0,0.0,0.0,0.6571595072746277,0.0,0.0,0.0,1.0,1.0,0.0,93.14319014549255
11.354557823129252,0.0,0.0,0.0,0.0,0.0,0.0,0.0,1.0,0.0,0.0,0.0,1.0,0.0,0.0,0.0,0.0,0.0,0.0,0.0,0.7391826510429382,0.0,0.0,0.0,1.0,1.0,0.0,94.78365302085876
11.377777777777778,0.0,0.0,0.0,0.0,0.0,0.0,0.0,1.0,0.0,0.0,0.0,1.0,0.0,0.0,0.0,0.0,0.0,0.0,0.0,0.8751608729362488,0.0,0.0,0.0,1.0,1.0,0.0,97.50321745872498
11.400997732426303,0.0,0.0,0.0,0.0,0.0,0.0,0.0,0.0,0.0,0.0,0.0,0.0,0.0,0.0,0.0,0.0,0.0,0.0,0.0,1.0,0.0,0.0,0.0,0.03875754401087761,0.0,1.0,0.0
11.42421768707483,0.0,0.0,0.0,0.0,0.0,0.0,0.0,0.0,0.0,0.0,0.0,0.0,0.0,0.0,0.0,0.0,0.0,0.0,0.0,1.0,0.0,0.0,0.0,0.023080753162503242,0.0,1.0,0.0
11.447437641723356,0.0,0.0,0.0,0.0,0.0,0.0,0.0,0.0,0.0,0.0,0.0,0.0,0.0,0.0,0.0,0.0,0.0,0.0,0.0,1.0,0.0,0.0,0.0,0.008029640652239323,0.0,1.0,0.0
11.470657596371883,0.0,0.0,0.0,0.0,0.0,0.0,0.0,0.0,0.0,0.0,0.0,0.0,0.0,0.0010869399411603808,0.0,0.0,0.0,0.0,0.0,1.0,0.0034708234015852213,0.0,0.0,0.0,0.0,1.0,0.0
11.493877551020407,0.0,0.0,0.0,0.0,0.0,0.0,0.0,0.0,0.0,0.0,0.0,0.0,0.0,0.0,0.0,0.0,0.0,0.0,0.0,0.0,0.0,0.0,0.0,0.0,0.0,0.0,100.0
11.517097505668934,0.0,0.0,0.0,0.0,0.0,0.0,0.0,0.0,0.0,0.0,0.0,0.0,0.0,0.0,0.0,0.0,0.0,0.0,0.0,1.0,0.0,0.008464661426842213,0.0,0.0,0.0,1.0,0.0
11.54031746031746,0.0,0.0,0.0,0.0,0.0,0.0,0.0,0.0,0.0,0.0,0.0,0.0,0.0,0.0,0.0,0.0,0.0,0.0,0.0,1.0,0.0,0.0,0.0,0.0,0.0,1.0,0.0
11.563537414965987,0.0,0.0,0.0,0.0,0.0,0.0,0.0,0.0,0.0,0.0,0.0,0.0,0.0,0.0,0.0,0.0,0.0,0.0,0.0,1.0,0.0,0.0,0.0,0.0,0.0,1.0,0.0
11.586757369614512,0.0,0.0,0.0,0.0,0.0,0.0,0.0,1.0,0.0,0.0,0.0,0.0,0.0,0.0,0.0,0.0,0.0,0.0,0.0,1.0,0.0,0.0,0.0,0.0,1.0,0.0,100.0
11.609977324263038,0.0,0.0,0.0,0.0,0.0,0.0,0.0,1.0,0.0,0.0,0.0,0.0,0.0,0.0,1.3340794566829572e-6,0.0,0.0,0.0,0.0,1.0,0.0,0.0,0.0,0.0,1.0,1.3340794566829572e-6,99.99997331841087
11.633197278911565,0.0,0.0,0.0,0.0,0.0,0.0,0.0,1.0,0.0,0.0,0.0,0.0,0.0,0.0,1.3340169289222104e-6,0.0,0.0,0.0,0.0,1.0,0.0,0.0,0.0,0.0,1.0,1.3340169289222104e-6,99.99997331966142
11.656417233560092,0.0,0.0,0.0,0.0,0.0,0.0,0.0,1.0,0.0,0.0,0.0,0.0,0.0,0.0,1.3340941222850233e-6,0.0,0.0,0.0,0.0,1.0,0.0,0.0,0.0,0.0,1.0,1.3340941222850233e-6,99.99997331811755
11.679637188208616,0.0,0.0,0.0,0.0,0.0,0.0,0.0,1.0,0.0,0.0,0.0,0.0,0.0,0.0,1.3339605402507004e-6,0.0,0.0,0.0,0.0,1.0,0.0,0.0,0.0,0.0,1.0,1.3339605402507004e-6,99.9999733207892
11.702857142857143,0.0,0.0,0.0,0.0,0.0,0.0,0.0,1.0,0.0,0.0,0.0,0.0,0.0,0.0,1.3340512623472023e-6,0.0,0.0,0.0,0.0,1.0,0.0,0.0,0.0,0.0,1.0,1.3340512623472023e-6,99.99997331897475
11.72607709750567,0.0,0.0,0.0,0.0,0.0,0.0,0.0,1.0,0.0,0.0,0.0,0.0,0.0,0.0,1.3340404620976187e-6,0.0,0.0,0.0,0.0,1.0,0.0,0.0,0.0,0.0,1.0,1.3340404620976187e-6,99.99997331919076
11.749297052154194,0.0,0.0,0.0,0.0,0.0,0.0,0.0,1.0,0.0,0.0,0.0,0.0,0.0,0.0,1.3341464182303753e-6,0.0,0.0,0.0,0.0,1.0,0.0,0.0,0.0,0.0,1.0,1.3341464182303753e-6,99.99997331707164
11.77251700680272,0.0,0.0,0.0,0.0,0.0,0.0,0.0,1.0,0.0,0.0,0.0,0.0,0.0,0.0,1.3340827536012512e-6,0.0,0.0,0.0,0.0,1.0,0.0,0.0,0.0,0.0,1.0,1.3340827536012512e-6,99.99997331834493
11.795736961451247,0.0,0.0,0.0,0.0,0.0,0.0,0.0,1.0,0.0,0.0,0.0,0.0,0.0,0.0,1.3339638371689944e-6,0.0,0.0,0.0,0.0,1.0,0.0,0.0,0.0,0.0,1.0,1.3339638371689944e-6,99.99997332072326
11.818956916099774,0.0,0.0,0.0,0.0,0.0,0.0,0.0,1.0,0.0,0.0,0.0,0.0,0.0,0.0,1.333877776232839e-6,0.0,0.0,0.0,0.0,1.0,0.0,0.0,0.0,0.0,1.0,1.333877776232839e-6,99.99997332244448
11.842176870748299,0.0,0.0,0.0,0.0,0.0,0.0,0.0,1.0,0.0,0.0,0.0,0.0,0.0,0.0,1.3340269333639299e-6,0.0,0.0,0.0,0.0,1.0,0.0,0.0,0.0,0.0,1.0,1.3340269333639299e-6,99.99997331946133
11.865396825396825,0.0,0.0,0.0,0.0,0.0,0.0,0.0,1.0,0.0,0.0,0.0,0.0,0.0,0.0,1.334039552602917e-6,0.0,0.0,0.0,0.0,1.0,0.0,0.0,0.0,0.0,1.0,1.334039552602917e-6,99.99997331920895
11.888616780045352,0.0,0.0,0.0,0.0,0.0,0.0,0.0,1.0,0.0,0.0,0.0,0.0,0.0,0.0,1.3339526958588976e-6,0.0,0.0,0.0,0.0,1.0,0.0,0.0,0.0,0.0,1.0,1.3339526958588976e-6,99.99997332094608
11.911836734693878,0.0,0.0,0.0,0.0,0.0,0.0,0.0,1.0,0.0,0.0,0.0,0.0,0.0,0.0,1.3367938436203985e-6,0.0,0.0,0.0,0.0,1.0,0.0,0.0,0.0,0.0,1.0,1.3367938436203985e-6,99.99997326412313
11.935056689342403,0.0,0.0,0.0,0.0,0.0,0.0,0.0,1.0,0.0,0.0,0.0,0.0,0.007156351115554571,0.0,1.4377475281435181e-6,0.0,0.0012842867290601134,0.0,0.0,1.0,0.0,0.0,0.0,0.0,1.0,0.007156351115554571,99.85687297768891
11.95827664399093,0.0,0.0,0.0,0.0,0.0,0.0,0.0,1.0,0.0,0.0,0.0,0.0,0.31683316826820374,0.0,0.0,0.0,0.09564398229122162,0.0,0.0,1.0,0.0,0.0,0.0,0.0,1.0,0.31683316826820374,93.66333663463593
11.981496598639456,0.0,0.0,0.0,0.0,0.0,0.0,0.0,1.0,0.0,0.0,0.0,0.0,1.0,0.0,0.0,0.0,0.017405081540346146,0.0,0.0,0.037085261195898056,0.0,0.0,0.0,0.0,0.0,1.0,0.0
12.004716553287983,0.0,0.0,0.0,0.0,0.0,0.0,0.0,0.0,0.0,0.0,0.0,0.0,1.0,0.0,0.0,0.0,0.019202953204512596,0.0,0.0,0.028412407264113426,0.0,0.0,0.0,0.0,0.0,1.0,0.0
12.027936507936507,0.0,0.0,0.0,0.0,0.0,0.0,0.0,0.0,0.0,0.0,0.0,0.0,1.0,0.0,0.0,0.0,0.018961455672979355,0.0,0.0,0.022987542673945427,0.0,0.0,0.0,0.0,0.0,1.0,0.0
12.051156462585034,0.0,0.0,0.0,0.0,0.0,0.0,0.0,0.0,0.0,0.0,0.0,0.0,1.0,0.0,0.0,0.0,0.018617477267980576,0.0,0.0,0.01909414306282997,0.0,0.0,0.0,0.0,0.0,1.0,0.0
12.07437641723356,0.0,0.0,0.0,0.0,0.0,0.0,0.0,0.0,0.0,0.0,0.0,0.0,0.0,0.0,1.0,0.0,0.4794158935546875,0.0,0.0,0.0,0.0,0.0,0.0,0.0,0.0,1.0,0.0
12.097596371882085,0.0,0.0,0.0,0.0,0.0,0.0,0.0,0.0,0.0,0.0,0.0,0.0,0.0,0.0,0.0,0.0,0.0,0.0,0.0,0.0,0.0,0.0,0.0,0.0,0.0,0.0,100.0
12.120816326530612,0.0,0.0,0.0,0.0,0.0,0.0,0.0,0.0,0.0,0.0,0.0,0.0,0.0,0.0,0.0,0.0,0.0,0.0,0.0,0.0,0.0,0.0,0.0,0.0,0.0,0.0,100.0
12.144036281179138,0.0,0.0,0.0,0.0,0.0,0.0,0.0,0.0,0.0,0.0,0.0,0.0,0.0,0.0,0.0,0.0,0.0,0.0,0.0,0.0,0.0,0.0,0.0,0.0,0.0,0.0,100.0
12.167256235827665,0.0,0.0,0.0,0.0,0.0,0.0,0.0,0.0,0.0,0.0,0.0,0.0,0.0,0.0,0.0,0.0,0.0,0.0,0.0,0.0,0.0,0.0,0.0,0.0,0.0,0.0,100.0
12.19047619047619,0.0,0.0,0.0,0.0,0.0,0.0,0.0,0.0,0.0,0.0,0.0,0.0,0.0,0.0,0.0,0.0,0.0,0.0,0.0,0.0,0.0,0.0,0.0,0.0,0.0,0.0,100.0
12.213696145124716,0.0,0.0,0.0,0.0,0.0,0.0,0.0,0.0,0.0,0.0,0.0,0.0,0.0,0.0,0.0,0.0,0.0,0.0,0.0,0.0,0.0,0.0,0.0,0.0,0.0,0.0,100.0
